path,asset_kind,origin_class,sha256,bytes,line_count,family,functional_summary,has_main_guard,definitions,imports,local_dependencies,external_repo_references,absolute_path_count,plotting_code,notebook_output_count,notebook_executed_cells,paper_role,target_disposition,canonical_replacement,deletion_gate,evidence_status
DBAASP_MLM_MDLM.py,py,apexoracle_legacy_added,5e167f35288d8a5275f76ecb7f486177ed9e57c9c40fed6e68bd5dcbf6e546e3,22808,578,molecule_embedding,DLM/MDLM molecule embedding、tokenization、pooling 或 embedding dictionary producer。,True,class:SMILESDataset;function:SMILESDataset.__init__;function:SMILESDataset.remove_long_smiles;function:SMILESDataset.remove_long_smiles.is_valid;function:SMILESDataset.__len__;function:SMILESDataset.__getitem__;class:ClassificationModel;function:ClassificationModel.__init__;function:ClassificationModel._process_sigma;function:ClassificationModel._sample_t;function:ClassificationModel._forward;function:ClassificationModel.forward;class:ClassificationHead;function:ClassificationHead.__init__;function:ClassificationHead.forward;class:RegressionHead;function:RegressionHead.__init__;function:RegressionHead.forward;function:collate_fn;class:MultiTaskLoss;function:MultiTaskLoss.__init__;function:MultiTaskLoss.forward;function:calculate_r2_per_task;class:R2Tracker;function:R2Tracker.__init__;function:R2Tracker.update_best_r2;function:R2Tracker.get_best_r2;function:load_DIT,collections;diffusion;hydra;models;noise_schedule;numpy;pandas;pathlib;sklearn.metrics;sklearn.model_selection;torch;torch.nn;torch.nn.functional;torch.nn.utils.rnn;torch.optim;torch.utils.data;tqdm;transformers;wandb,diffusion.py;models/__init__.py;noise_schedule.py,ApexOracle-Core,3,False,0,0,none_identified,migrate_then_remove_legacy_copy,apexoracle_mdlm.embeddings + M2 参数化 embedding CLI,固定 SELFIES hidden-state/pooling/output-manifest parity 通过，且所有数据 adapter 已登记后才可移除。,verified_by_source_static_audit
DBAASP_semiles_to_SELFEIS.py,py,apexoracle_legacy_added,8ce832caf5486f8bfb2e4765cf6ac7524742cd93603f1c7a85c1e5362cef3243,1685,51,chemistry_legacy,历史 peptide/SMILES/SELFIES 转换或 catalog matching helper。,True,function:main;function:smiles_to_selfeise,collections;hydra;models;pandas;selfies;torch;tqdm;transformers,models/__init__.py,ApexOracle-Core,3,False,0,0,none_identified,freeze_behavior_then_migrate_or_snapshot_only,PepLink==0.1.2 或小型兼容 adapter,先冻结历史 parser 行为、失败样例和结构映射 parity；确认无论文资产依赖后才可移除。,verified_family_role_behavior_parity_pending
DP_inhouse_SM_MIC_with_text_genome_test_on_non_seen_species_11_species_5_ensemble.py,py,apexoracle_legacy_added,d1ac11a478f64ba82540aadb54f7553032157e23a1f1789dc0735852233d59ae,90923,1651,hierarchical_mic,历史 strain/species split hierarchical MIC train/evaluation driver。,False,function:get_embedded_genome_IDs;function:get_original_strain_name_with_genome_embedding;function:load_all_genome_embeddings;function:load_text_wo_genome_embeddings;class:SMILESDataset_with_genome_and_text;function:SMILESDataset_with_genome_and_text.__init__;function:SMILESDataset_with_genome_and_text.tokenize_smiles;function:SMILESDataset_with_genome_and_text.remove_long_smiles;function:SMILESDataset_with_genome_and_text.__len__;function:SMILESDataset_with_genome_and_text.__getitem__;class:SMILESDataset_with_text_only;function:SMILESDataset_with_text_only.__init__;function:SMILESDataset_with_text_only.__getitem__;function:collate_fn;function:collate_fn_cls;function:collate_fn_text_only;function:collate_fn_text_only_cls;class:RegressionHead;function:RegressionHead.__init__;function:RegressionHead.forward;class:FirstTokenAttention_genome;function:FirstTokenAttention_genome.__init__;function:FirstTokenAttention_genome.forward;function:calculate_r2;function:exclude_wrong_species_ATCC_map;function:cluster_species;function:get_ATCC_ID_to_species_name_map;function:get_original_strain_ID_to_species_name_map;function:merge_dict,Bio;argparse;itertools;json;logging;numpy;pandas;pathlib;scipy.stats;sklearn.cluster;sklearn.metrics;sklearn.model_selection;torch;torch.nn;torch.nn.utils.rnn;torch.optim;torch.utils.data;tqdm;transformers;triton.language,,ApexOracle-Core;ApexOracle-Evo2,2,False,0,0,none_identified,candidate_after_core_mapping,ApexOracle-Core canonical MIC runners,必须给出逐文件 Core source mapping、协议差异和 prediction/metric parity；确认无外部 caller 后才可移除。,verified_family_role_mapping_pending_per_file_parity
DP_inhouse_SM_MIC_with_text_genome_test_on_non_seen_species_11_species_5_ensemble_MDLM_MTR.py,py,apexoracle_legacy_added,eb6467f8fd3661129cf6ef19b95fa79cd5a75dfdb0e1fd5fe1a666caa8f1d947,98640,1773,hierarchical_mic,历史 strain/species split hierarchical MIC train/evaluation driver。,True,class:mol_emb_mdlm;function:mol_emb_mdlm.__init__;function:mol_emb_mdlm._process_sigma;function:mol_emb_mdlm._sample_t;function:mol_emb_mdlm._forward;function:mol_emb_mdlm.q_xt;function:mol_emb_mdlm.forward;function:mol_emb_mdlm.load_DIT;function:get_embedded_genome_IDs;function:get_original_strain_name_with_genome_embedding;function:load_all_genome_embeddings;function:load_text_wo_genome_embeddings;class:SMILESDataset_with_genome_and_text;function:SMILESDataset_with_genome_and_text.__init__;function:SMILESDataset_with_genome_and_text.tokenize_smiles;function:SMILESDataset_with_genome_and_text.remove_long_smiles;function:SMILESDataset_with_genome_and_text.__len__;function:SMILESDataset_with_genome_and_text.__getitem__;class:SMILESDataset_with_text_only;function:SMILESDataset_with_text_only.__init__;function:SMILESDataset_with_text_only.__getitem__;function:collate_fn;function:collate_fn_text_only;function:collate_fn_cls;function:collate_fn_text_only_cls;class:RegressionHead;function:RegressionHead.__init__;function:RegressionHead.forward;class:FirstTokenAttention_genome;function:FirstTokenAttention_genome.__init__;function:FirstTokenAttention_genome.forward;function:calculate_r2;function:exclude_wrong_species_ATCC_map;function:cluster_species;function:get_ATCC_ID_to_species_name_map;function:get_original_strain_ID_to_species_name_map;function:merge_dict,Bio;argparse;ast;collections;hydra;itertools;json;logging;models;noise_schedule;numpy;pandas;pathlib;scipy.stats;sklearn.cluster;sklearn.metrics;sklearn.model_selection;torch;torch.nn;torch.nn.functional;torch.nn.utils.rnn;torch.optim;torch.utils.data;tqdm;transformers;triton.language,models/__init__.py;noise_schedule.py,ApexOracle-Core;ApexOracle-Evo2,4,False,0,0,none_identified,candidate_after_core_mapping,ApexOracle-Core canonical MIC runners,必须给出逐文件 Core source mapping、协议差异和 prediction/metric parity；确认无外部 caller 后才可移除。,verified_family_role_mapping_pending_per_file_parity
DP_inhouse_SM_MIC_with_text_genome_test_on_non_seen_species_3_species_5_ensemble.py,py,apexoracle_legacy_added,8c529937b94152ba52a6ba01ef079e7e327944e9aea86046f9001fa1886b5356,89191,1647,hierarchical_mic,历史 strain/species split hierarchical MIC train/evaluation driver。,False,function:get_embedded_genome_IDs;function:get_original_strain_name_with_genome_embedding;function:load_all_genome_embeddings;function:load_text_wo_genome_embeddings;class:SMILESDataset_with_genome_and_text;function:SMILESDataset_with_genome_and_text.__init__;function:SMILESDataset_with_genome_and_text.tokenize_smiles;function:SMILESDataset_with_genome_and_text.remove_long_smiles;function:SMILESDataset_with_genome_and_text.__len__;function:SMILESDataset_with_genome_and_text.__getitem__;class:SMILESDataset_with_text_only;function:SMILESDataset_with_text_only.__init__;function:SMILESDataset_with_text_only.__getitem__;function:collate_fn;function:collate_fn_cls;function:collate_fn_text_only;function:collate_fn_text_only_cls;class:RegressionHead;function:RegressionHead.__init__;function:RegressionHead.forward;class:FirstTokenAttention_genome;function:FirstTokenAttention_genome.__init__;function:FirstTokenAttention_genome.forward;function:calculate_r2;function:exclude_wrong_species_ATCC_map;function:cluster_species;function:get_ATCC_ID_to_species_name_map;function:get_original_strain_ID_to_species_name_map;function:merge_dict,Bio;argparse;itertools;json;logging;numpy;pandas;pathlib;scipy.stats;sklearn.cluster;sklearn.metrics;sklearn.model_selection;torch;torch.nn;torch.nn.utils.rnn;torch.optim;torch.utils.data;tqdm;transformers;triton.language,,ApexOracle-Core;ApexOracle-Evo2,2,False,0,0,none_identified,candidate_after_core_mapping,ApexOracle-Core canonical MIC runners,必须给出逐文件 Core source mapping、协议差异和 prediction/metric parity；确认无外部 caller 后才可移除。,verified_family_role_mapping_pending_per_file_parity
DP_inhouse_SM_MIC_with_text_genome_test_on_non_seen_species_3_species_5_ensemble_MDLM_MTR.py,py,apexoracle_legacy_added,7664288b92cb4c9da69fb3ced058c8a6f0bbb069e71acf6c61e77215bcb59080,98022,1775,hierarchical_mic,历史 strain/species split hierarchical MIC train/evaluation driver。,True,class:mol_emb_mdlm;function:mol_emb_mdlm.__init__;function:mol_emb_mdlm._process_sigma;function:mol_emb_mdlm._sample_t;function:mol_emb_mdlm._forward;function:mol_emb_mdlm.q_xt;function:mol_emb_mdlm.forward;function:mol_emb_mdlm.load_DIT;function:get_embedded_genome_IDs;function:get_original_strain_name_with_genome_embedding;function:load_all_genome_embeddings;function:load_text_wo_genome_embeddings;class:SMILESDataset_with_genome_and_text;function:SMILESDataset_with_genome_and_text.__init__;function:SMILESDataset_with_genome_and_text.tokenize_smiles;function:SMILESDataset_with_genome_and_text.remove_long_smiles;function:SMILESDataset_with_genome_and_text.__len__;function:SMILESDataset_with_genome_and_text.__getitem__;class:SMILESDataset_with_text_only;function:SMILESDataset_with_text_only.__init__;function:SMILESDataset_with_text_only.__getitem__;function:collate_fn;function:collate_fn_text_only;function:collate_fn_cls;function:collate_fn_text_only_cls;class:RegressionHead;function:RegressionHead.__init__;function:RegressionHead.forward;class:FirstTokenAttention_genome;function:FirstTokenAttention_genome.__init__;function:FirstTokenAttention_genome.forward;function:calculate_r2;function:exclude_wrong_species_ATCC_map;function:cluster_species;function:get_ATCC_ID_to_species_name_map;function:get_original_strain_ID_to_species_name_map;function:merge_dict,Bio;argparse;ast;collections;hydra;itertools;json;logging;models;noise_schedule;numpy;pandas;pathlib;scipy.stats;sklearn.cluster;sklearn.metrics;sklearn.model_selection;torch;torch.nn;torch.nn.functional;torch.nn.utils.rnn;torch.optim;torch.utils.data;tqdm;transformers;triton.language,models/__init__.py;noise_schedule.py,ApexOracle-Core;ApexOracle-Evo2,4,False,0,0,none_identified,candidate_after_core_mapping,ApexOracle-Core canonical MIC runners,必须给出逐文件 Core source mapping、协议差异和 prediction/metric parity；确认无外部 caller 后才可移除。,verified_family_role_mapping_pending_per_file_parity
DP_inhouse_SM_MIC_with_text_genome_test_on_non_seen_strains_ChemBERTa.py,py,apexoracle_legacy_added,cd0e1b7d5d558a78f6931374eccf18fbd3c6c3e5f633fdce1e82fdf7da3c2a68,109549,1920,hierarchical_mic,历史 strain/species split hierarchical MIC train/evaluation driver。,True,class:mol_emb_mdlm;function:mol_emb_mdlm.__init__;function:mol_emb_mdlm._process_sigma;function:mol_emb_mdlm._sample_t;function:mol_emb_mdlm._forward;function:mol_emb_mdlm.q_xt;function:mol_emb_mdlm.forward;function:mol_emb_mdlm.load_DIT;function:get_embedded_genome_IDs;function:get_original_strain_name_with_genome_embedding;function:load_all_genome_embeddings;function:load_text_wo_genome_embeddings;class:SMILESDataset_with_genome_and_text;function:SMILESDataset_with_genome_and_text.__init__;function:SMILESDataset_with_genome_and_text.tokenize_smiles;function:SMILESDataset_with_genome_and_text.remove_long_smiles;function:SMILESDataset_with_genome_and_text.__len__;function:SMILESDataset_with_genome_and_text.__getitem__;class:SMILESDataset_with_text_only;function:SMILESDataset_with_text_only.__init__;function:SMILESDataset_with_text_only.__getitem__;function:collate_fn;function:collate_fn_text_only;function:collate_fn_cls;function:collate_fn_text_only_cls;class:RegressionHead;function:RegressionHead.__init__;function:RegressionHead.forward;class:FirstTokenAttention_genome;function:FirstTokenAttention_genome.__init__;function:FirstTokenAttention_genome.forward;function:calculate_r2;function:exclude_wrong_species_ATCC_map;function:cluster_species;function:get_ATCC_ID_to_species_name_map;function:get_original_strain_ID_to_species_name_map;function:merge_dict,Bio;argparse;ast;collections;hydra;itertools;json;logging;models;noise_schedule;numpy;pandas;pathlib;scipy.stats;sklearn.cluster;sklearn.metrics;sklearn.model_selection;torch;torch.nn;torch.nn.functional;torch.nn.utils.rnn;torch.optim;torch.utils.data;tqdm;transformers;triton.language,models/__init__.py;noise_schedule.py,ApexOracle-Core;ApexOracle-Evo2,4,False,0,0,none_identified,candidate_after_core_mapping,ApexOracle-Core canonical MIC runners,必须给出逐文件 Core source mapping、协议差异和 prediction/metric parity；确认无外部 caller 后才可移除。,verified_family_role_mapping_pending_per_file_parity
DP_inhouse_SM_MIC_with_text_genome_test_on_non_seen_strains_MDLM_MTR.py,py,apexoracle_legacy_added,87210eff42d83d8f84555dbf8fbd3a88926de85aae934847b764bba5fa6ff15a,110650,1942,hierarchical_mic,历史 strain/species split hierarchical MIC train/evaluation driver。,True,class:mol_emb_mdlm;function:mol_emb_mdlm.__init__;function:mol_emb_mdlm._process_sigma;function:mol_emb_mdlm._sample_t;function:mol_emb_mdlm._forward;function:mol_emb_mdlm.q_xt;function:mol_emb_mdlm.forward;function:mol_emb_mdlm.load_DIT;function:get_embedded_genome_IDs;function:get_original_strain_name_with_genome_embedding;function:load_all_genome_embeddings;function:load_text_wo_genome_embeddings;class:SMILESDataset_with_genome_and_text;function:SMILESDataset_with_genome_and_text.__init__;function:SMILESDataset_with_genome_and_text.tokenize_smiles;function:SMILESDataset_with_genome_and_text.remove_long_smiles;function:SMILESDataset_with_genome_and_text.__len__;function:SMILESDataset_with_genome_and_text.__getitem__;class:SMILESDataset_with_text_only;function:SMILESDataset_with_text_only.__init__;function:SMILESDataset_with_text_only.__getitem__;function:collate_fn;function:collate_fn_text_only;function:collate_fn_cls;function:collate_fn_text_only_cls;class:RegressionHead;function:RegressionHead.__init__;function:RegressionHead.forward;class:FirstTokenAttention_genome;function:FirstTokenAttention_genome.__init__;function:FirstTokenAttention_genome.forward;function:calculate_r2;function:exclude_wrong_species_ATCC_map;function:cluster_species;function:get_ATCC_ID_to_species_name_map;function:get_original_strain_ID_to_species_name_map;function:merge_dict,Bio;argparse;ast;collections;hydra;itertools;json;logging;models;noise_schedule;numpy;pandas;pathlib;scipy.stats;sklearn.cluster;sklearn.metrics;sklearn.model_selection;torch;torch.nn;torch.nn.functional;torch.nn.utils.rnn;torch.optim;torch.utils.data;tqdm;transformers;triton.language,models/__init__.py;noise_schedule.py,ApexOracle-Core;ApexOracle-Evo2,4,False,0,0,none_identified,candidate_after_core_mapping,ApexOracle-Core canonical MIC runners,必须给出逐文件 Core source mapping、协议差异和 prediction/metric parity；确认无外部 caller 后才可移除。,verified_family_role_mapping_pending_per_file_parity
DP_inhouse_SM_MIC_with_text_genome_test_on_non_seen_strains_MDLM_MTR_cls_cuseqlen_dit.py,py,apexoracle_legacy_added,9c7343efd294faceaeadb5d66b5e9f6adc660cf8692bab3bdd11d6e83d2c8efd,112072,1959,hierarchical_mic,历史 strain/species split hierarchical MIC train/evaluation driver。,True,class:mol_emb_mdlm;function:mol_emb_mdlm.__init__;function:mol_emb_mdlm._process_sigma;function:mol_emb_mdlm._sample_t;function:mol_emb_mdlm._forward;function:mol_emb_mdlm.q_xt;function:mol_emb_mdlm.forward;function:mol_emb_mdlm.load_DIT;function:get_embedded_genome_IDs;function:get_original_strain_name_with_genome_embedding;function:load_all_genome_embeddings;function:load_text_wo_genome_embeddings;class:SMILESDataset_with_genome_and_text;function:SMILESDataset_with_genome_and_text.__init__;function:SMILESDataset_with_genome_and_text.tokenize_smiles;function:SMILESDataset_with_genome_and_text.remove_long_smiles;function:SMILESDataset_with_genome_and_text.__len__;function:SMILESDataset_with_genome_and_text.__getitem__;class:SMILESDataset_with_text_only;function:SMILESDataset_with_text_only.__init__;function:SMILESDataset_with_text_only.__getitem__;function:collate_fn;function:collate_fn_text_only;function:collate_fn_cls;function:collate_fn_text_only_cls;class:RegressionHead;function:RegressionHead.__init__;function:RegressionHead.forward;class:FirstTokenAttention_genome;function:FirstTokenAttention_genome.__init__;function:FirstTokenAttention_genome.forward;function:calculate_r2;function:exclude_wrong_species_ATCC_map;function:cluster_species;function:get_ATCC_ID_to_species_name_map;function:get_original_strain_ID_to_species_name_map;function:merge_dict;function:mean_pooling,Bio;argparse;ast;collections;hydra;itertools;json;logging;models;noise_schedule;numpy;pandas;pathlib;scipy.stats;sklearn.cluster;sklearn.metrics;sklearn.model_selection;torch;torch.nn;torch.nn.functional;torch.nn.utils.rnn;torch.optim;torch.utils.data;tqdm;transformers;triton.language,models/__init__.py;noise_schedule.py,ApexOracle-Core;ApexOracle-Evo2,4,False,0,0,none_identified,candidate_after_core_mapping,ApexOracle-Core canonical MIC runners,必须给出逐文件 Core source mapping、协议差异和 prediction/metric parity；确认无外部 caller 后才可移除。,verified_family_role_mapping_pending_per_file_parity
DP_inhouse_SM_MIC_with_text_genome_test_on_non_seen_strains_MDLM_MTR_cuseqlen_dit.py,py,apexoracle_legacy_added,f645c70225d66cda42369b39dc1c87f5d639eaa6b64b27fd8d6dde80ce37f2d1,112179,1959,hierarchical_mic,历史 strain/species split hierarchical MIC train/evaluation driver。,True,class:mol_emb_mdlm;function:mol_emb_mdlm.__init__;function:mol_emb_mdlm._process_sigma;function:mol_emb_mdlm._sample_t;function:mol_emb_mdlm._forward;function:mol_emb_mdlm.q_xt;function:mol_emb_mdlm.forward;function:mol_emb_mdlm.load_DIT;function:get_embedded_genome_IDs;function:get_original_strain_name_with_genome_embedding;function:load_all_genome_embeddings;function:load_text_wo_genome_embeddings;class:SMILESDataset_with_genome_and_text;function:SMILESDataset_with_genome_and_text.__init__;function:SMILESDataset_with_genome_and_text.tokenize_smiles;function:SMILESDataset_with_genome_and_text.remove_long_smiles;function:SMILESDataset_with_genome_and_text.__len__;function:SMILESDataset_with_genome_and_text.__getitem__;class:SMILESDataset_with_text_only;function:SMILESDataset_with_text_only.__init__;function:SMILESDataset_with_text_only.__getitem__;function:collate_fn;function:collate_fn_text_only;function:collate_fn_cls;function:collate_fn_text_only_cls;class:RegressionHead;function:RegressionHead.__init__;function:RegressionHead.forward;class:FirstTokenAttention_genome;function:FirstTokenAttention_genome.__init__;function:FirstTokenAttention_genome.forward;function:calculate_r2;function:exclude_wrong_species_ATCC_map;function:cluster_species;function:get_ATCC_ID_to_species_name_map;function:get_original_strain_ID_to_species_name_map;function:merge_dict;function:mean_pooling,Bio;argparse;ast;collections;hydra;itertools;json;logging;models;noise_schedule;numpy;pandas;pathlib;scipy.stats;sklearn.cluster;sklearn.metrics;sklearn.model_selection;torch;torch.nn;torch.nn.functional;torch.nn.utils.rnn;torch.optim;torch.utils.data;tqdm;transformers;triton.language,models/__init__.py;noise_schedule.py,ApexOracle-Core;ApexOracle-Evo2,4,False,0,0,none_identified,candidate_after_core_mapping,ApexOracle-Core canonical MIC runners,必须给出逐文件 Core source mapping、协议差异和 prediction/metric parity；确认无外部 caller 后才可移除。,verified_family_role_mapping_pending_per_file_parity
DP_inhouse_SM_MIC_with_text_genome_test_on_non_seen_strains_MDLM_MTR_fix.py,py,apexoracle_legacy_added,19cd08f1db152108a3b93e6a4200dededbcd86e36b266c72ab11d0ef955ec1b9,113118,1981,hierarchical_mic,历史 strain/species split hierarchical MIC train/evaluation driver。,True,class:mol_emb_mdlm;function:mol_emb_mdlm.__init__;function:mol_emb_mdlm._process_sigma;function:mol_emb_mdlm._sample_t;function:mol_emb_mdlm._forward;function:mol_emb_mdlm.q_xt;function:mol_emb_mdlm.forward;function:mol_emb_mdlm.load_DIT;function:get_embedded_genome_IDs;function:get_original_strain_name_with_genome_embedding;function:load_all_genome_embeddings;function:load_text_wo_genome_embeddings;class:SMILESDataset_with_genome_and_text;function:SMILESDataset_with_genome_and_text.__init__;function:SMILESDataset_with_genome_and_text.tokenize_smiles;function:SMILESDataset_with_genome_and_text.remove_long_smiles;function:SMILESDataset_with_genome_and_text.__len__;function:SMILESDataset_with_genome_and_text.__getitem__;class:SMILESDataset_with_text_only;function:SMILESDataset_with_text_only.__init__;function:SMILESDataset_with_text_only.__getitem__;function:collate_fn;function:collate_fn_text_only;function:collate_fn_cls;function:collate_fn_text_only_cls;class:RegressionHead;function:RegressionHead.__init__;function:RegressionHead.forward;class:FirstTokenAttention_genome;function:FirstTokenAttention_genome.__init__;function:FirstTokenAttention_genome.forward;function:calculate_r2;function:exclude_wrong_species_ATCC_map;function:cluster_species;function:get_ATCC_ID_to_species_name_map;function:get_original_strain_ID_to_species_name_map;function:merge_dict,Bio;argparse;ast;collections;hydra;itertools;json;logging;models;noise_schedule;numpy;pandas;pathlib;scipy.stats;sklearn.cluster;sklearn.metrics;sklearn.model_selection;torch;torch.nn;torch.nn.functional;torch.nn.utils.rnn;torch.optim;torch.utils.data;tqdm;transformers;triton.language,models/__init__.py;noise_schedule.py,ApexOracle-Core;ApexOracle-Evo2,4,False,0,0,none_identified,candidate_after_core_mapping,ApexOracle-Core canonical MIC runners,必须给出逐文件 Core source mapping、协议差异和 prediction/metric parity；确认无外部 caller 后才可移除。,verified_family_role_mapping_pending_per_file_parity
DP_inhouse_SM_MIC_with_text_genome_test_on_non_seen_strains_MDLM_MTR_fix_mean.py,py,apexoracle_legacy_added,b5df9a27dd3bd3ffed9b414704031dd97730d6a11f0b1f00a623f46a6961ae6b,113133,1981,hierarchical_mic,历史 strain/species split hierarchical MIC train/evaluation driver。,True,class:mol_emb_mdlm;function:mol_emb_mdlm.__init__;function:mol_emb_mdlm._process_sigma;function:mol_emb_mdlm._sample_t;function:mol_emb_mdlm._forward;function:mol_emb_mdlm.q_xt;function:mol_emb_mdlm.forward;function:mol_emb_mdlm.load_DIT;function:get_embedded_genome_IDs;function:get_original_strain_name_with_genome_embedding;function:load_all_genome_embeddings;function:load_text_wo_genome_embeddings;class:SMILESDataset_with_genome_and_text;function:SMILESDataset_with_genome_and_text.__init__;function:SMILESDataset_with_genome_and_text.tokenize_smiles;function:SMILESDataset_with_genome_and_text.remove_long_smiles;function:SMILESDataset_with_genome_and_text.__len__;function:SMILESDataset_with_genome_and_text.__getitem__;class:SMILESDataset_with_text_only;function:SMILESDataset_with_text_only.__init__;function:SMILESDataset_with_text_only.__getitem__;function:collate_fn;function:collate_fn_text_only;function:collate_fn_cls;function:collate_fn_text_only_cls;class:RegressionHead;function:RegressionHead.__init__;function:RegressionHead.forward;class:FirstTokenAttention_genome;function:FirstTokenAttention_genome.__init__;function:FirstTokenAttention_genome.forward;function:calculate_r2;function:exclude_wrong_species_ATCC_map;function:cluster_species;function:get_ATCC_ID_to_species_name_map;function:get_original_strain_ID_to_species_name_map;function:merge_dict,Bio;argparse;ast;collections;hydra;itertools;json;logging;models;noise_schedule;numpy;pandas;pathlib;scipy.stats;sklearn.cluster;sklearn.metrics;sklearn.model_selection;torch;torch.nn;torch.nn.functional;torch.nn.utils.rnn;torch.optim;torch.utils.data;tqdm;transformers;triton.language,models/__init__.py;noise_schedule.py,ApexOracle-Core;ApexOracle-Evo2,4,False,0,0,none_identified,candidate_after_core_mapping,ApexOracle-Core canonical MIC runners,必须给出逐文件 Core source mapping、协议差异和 prediction/metric parity；确认无外部 caller 后才可移除。,verified_family_role_mapping_pending_per_file_parity
DP_inhouse_SM_MIC_with_text_genome_test_on_non_seen_strains_MDLM_MTR_mean_cuseqlen_dit.py,py,apexoracle_legacy_added,ae37819eaafda0a51eefdeab7cd9b595ab4c577d4fa4837fc8554ed5bd5e83f5,112209,1960,hierarchical_mic,历史 strain/species split hierarchical MIC train/evaluation driver。,True,class:mol_emb_mdlm;function:mol_emb_mdlm.__init__;function:mol_emb_mdlm._process_sigma;function:mol_emb_mdlm._sample_t;function:mol_emb_mdlm._forward;function:mol_emb_mdlm.q_xt;function:mol_emb_mdlm.forward;function:mol_emb_mdlm.load_DIT;function:get_embedded_genome_IDs;function:get_original_strain_name_with_genome_embedding;function:load_all_genome_embeddings;function:load_text_wo_genome_embeddings;class:SMILESDataset_with_genome_and_text;function:SMILESDataset_with_genome_and_text.__init__;function:SMILESDataset_with_genome_and_text.tokenize_smiles;function:SMILESDataset_with_genome_and_text.remove_long_smiles;function:SMILESDataset_with_genome_and_text.__len__;function:SMILESDataset_with_genome_and_text.__getitem__;class:SMILESDataset_with_text_only;function:SMILESDataset_with_text_only.__init__;function:SMILESDataset_with_text_only.__getitem__;function:collate_fn;function:collate_fn_text_only;function:collate_fn_cls;function:collate_fn_text_only_cls;class:RegressionHead;function:RegressionHead.__init__;function:RegressionHead.forward;class:FirstTokenAttention_genome;function:FirstTokenAttention_genome.__init__;function:FirstTokenAttention_genome.forward;function:calculate_r2;function:exclude_wrong_species_ATCC_map;function:cluster_species;function:get_ATCC_ID_to_species_name_map;function:get_original_strain_ID_to_species_name_map;function:merge_dict;function:mean_pooling,Bio;argparse;ast;collections;hydra;itertools;json;logging;models;noise_schedule;numpy;pandas;pathlib;scipy.stats;sklearn.cluster;sklearn.metrics;sklearn.model_selection;torch;torch.nn;torch.nn.functional;torch.nn.utils.rnn;torch.optim;torch.utils.data;tqdm;transformers;triton.language,models/__init__.py;noise_schedule.py,ApexOracle-Core;ApexOracle-Evo2,4,False,0,0,none_identified,candidate_after_core_mapping,ApexOracle-Core canonical MIC runners,必须给出逐文件 Core source mapping、协议差异和 prediction/metric parity；确认无外部 caller 后才可移除。,verified_family_role_mapping_pending_per_file_parity
aa_seq_to_smiles.py,py,apexoracle_legacy_added,e0034b684560fcfc2573bd760969e2c81cbf34693360e8b1fd65c154eaec8688,140324,2326,chemistry_legacy,历史 peptide/SMILES/SELFIES 转换或 catalog matching helper。,True,class:AAs;function:AAs.__init__;function:AAs._init_aa;function:AAs.find_N_C_terminal_atoms;function:AAs.strict_find_N_C_terminal_atoms;function:AAs.loose_find_N_C_terminal_atoms;function:AAs.loose_find_N_C_terminal_atoms.find_atom_with_lowest_volancy;function:AAs.add_dummy_atoms;function:AAs.add_position_property;class:Peptide;function:Peptide.__init__;function:Peptide._init_aas;function:Peptide._init_aas._init_single_aa_seq;function:Peptide.link_main_chain;function:Peptide.judge_side_COOH;function:Peptide.link_intrachain_bonds;function:Peptide.link_intrachain_bonds.link_one_chain_intrachain_bonds;function:Peptide.link_intrachain_bonds.link_one_chain_intrachain_bonds.correct_bonds_positions;function:Peptide.link_intrachain_bonds.link_one_chain_intrachain_bonds.visualize_to_be_linked_atoms;function:Peptide.link_intrachain_bonds.link_one_chain_intrachain_bonds.DSB;function:Peptide.link_intrachain_bonds.link_one_chain_intrachain_bonds.AMD;function:Peptide.link_intrachain_bonds.link_one_chain_intrachain_bonds.TIE;function:Peptide.link_intrachain_bonds.link_one_chain_intrachain_bonds.DCB;function:Peptide.link_intrachain_bonds.link_one_chain_intrachain_bonds.EST;function:Peptide.link_intrachain_bonds.link_one_chain_intrachain_bonds.p_XylB;function:Peptide.link_intrachain_bonds.link_one_chain_intrachain_bonds.TRZB;function:Peptide.link_intrachain_bonds.link_one_chain_intrachain_bonds.E_but_2_enyl_B;function:Peptide.link_intrachain_bonds.link_one_chain_intrachain_bonds.BisMeBn_B;function:Peptide.link_intrachain_bonds.link_one_chain_intrachain_bonds.but_2_ynyl_B;function:Peptide.link_intrachain_bonds.link_one_chain_intrachain_bonds.AMN;function:Peptide.link_interchain_bonds;function:Peptide.c_terminus_modification;function:Peptide.n_terminus_modification;function:Peptide.remove_redundant_dummy_atoms;function:get_aa_smiles_dict;function:load_DBAASP_data,copy;json;matplotlib;pandas;rdkit;rdkit.Chem;tqdm;typing,,,0,True,0,0,not_yet_linked_to_formal_paper,freeze_behavior_then_migrate_or_snapshot_only,PepLink==0.1.2 或小型兼容 adapter,先冻结历史 parser 行为、失败样例和结构映射 parity；确认无论文资产依赖后才可移除。,verified_family_role_behavior_parity_pending
config_unresolved.json,json,apexoracle_legacy_added,31853de60b6ed15dc31459ac69bbfcbe1f6ae0c3645e94a357a11974e1d5a408,3967,143,historical_config,历史 resolved/unresolved configuration 或 metadata。,False,,,,,1,False,0,0,none_identified,compact_manifest_then_remove_legacy_config,configs/legacy 与 configs/release 的显式 profile,关联 producer/checkpoint/profile 并去除秘密和绝对路径后，决定保留 compact manifest 或由 tag 恢复。,verified_file_role_asset_mapping_pending
configs/callbacks/checkpoint_every_n_steps.yaml,yaml,upstream_unmodified,5be220e8d655d135cfd519d717d4452a1d42fd8ce347e2c12408702970438d19,381,9,upstream_runtime,上游 MDLM runtime、model、training/evaluation config 或 shell entrypoint。,False,,,,,0,False,0,0,none_identified,retain_upstream_until_adapter_parity,src/apexoracle_mdlm/models 下的 downstream inference adapter（M2 待完成）,不得作为本地杂乱代码删除；先保留 upstream attribution，并完成正式 checkpoint runtime parity。,verified_by_git_baseline
configs/callbacks/checkpoint_monitor.yaml,yaml,upstream_unmodified,ec0f4755b3a3716a23f6c57011979d159b8146cd2911e0f69466d3e968bb8004,456,11,upstream_runtime,上游 MDLM runtime、model、training/evaluation config 或 shell entrypoint。,False,,,,,0,False,0,0,none_identified,retain_upstream_until_adapter_parity,src/apexoracle_mdlm/models 下的 downstream inference adapter（M2 待完成）,不得作为本地杂乱代码删除；先保留 upstream attribution，并完成正式 checkpoint runtime parity。,verified_by_git_baseline
configs/callbacks/learning_rate_monitor.yaml,yaml,upstream_unmodified,fd2606a3aaf6960a1b57d7ddf62e3c2d294f91a3789d1db4a3b4151b06209cc1,108,4,upstream_runtime,上游 MDLM runtime、model、training/evaluation config 或 shell entrypoint。,False,,,,,0,False,0,0,none_identified,retain_upstream_until_adapter_parity,src/apexoracle_mdlm/models 下的 downstream inference adapter（M2 待完成）,不得作为本地杂乱代码删除；先保留 upstream attribution，并完成正式 checkpoint runtime parity。,verified_by_git_baseline
configs/config.yaml,yaml,upstream_locally_modified,624a619f33b91abfbeacec1e1fb0bcd77c1e4038051b5a9a8e59b91e99e70a5d,3013,103,upstream_modified,来自上游但被 ApexOracle 本地修改的 runtime/config，属于 mixed-origin 高风险文件。,False,,,,,1,False,0,0,none_identified,hold_mixed_origin,拆分 upstream runtime 与 ApexOracle SELFIES/downstream profile（M2）,先逐项 characterise 本地 diff，并完成 clean/noisy/tokenization/runtime parity；不得整文件删除。,verified_by_git_blob_comparison
configs/data/ag_news.yaml,yaml,upstream_unmodified,2404d40db639603ff5a9ac47a962a64fcf102b0d62c42699a74b01dd17abfecf,140,7,upstream_runtime,上游 MDLM runtime、model、training/evaluation config 或 shell entrypoint。,False,,,,,0,False,0,0,none_identified,retain_upstream_until_adapter_parity,src/apexoracle_mdlm/models 下的 downstream inference adapter（M2 待完成）,不得作为本地杂乱代码删除；先保留 upstream attribution，并完成正式 checkpoint runtime parity。,verified_by_git_baseline
configs/data/lambada.yaml,yaml,upstream_unmodified,d453cfff487a491ec415a23df35ba9e192cab90238bfcb7611e912c9325f0246,140,7,upstream_runtime,上游 MDLM runtime、model、training/evaluation config 或 shell entrypoint。,False,,,,,0,False,0,0,none_identified,retain_upstream_until_adapter_parity,src/apexoracle_mdlm/models 下的 downstream inference adapter（M2 待完成）,不得作为本地杂乱代码删除；先保留 upstream attribution，并完成正式 checkpoint runtime parity。,verified_by_git_baseline
configs/data/lm1b-gpt2.yaml,yaml,upstream_unmodified,a8aad591748a724c736f5b410685574c369b174dabe953633fe633ba50f937ab,134,7,upstream_runtime,上游 MDLM runtime、model、training/evaluation config 或 shell entrypoint。,False,,,,,0,False,0,0,none_identified,retain_upstream_until_adapter_parity,src/apexoracle_mdlm/models 下的 downstream inference adapter（M2 待完成）,不得作为本地杂乱代码删除；先保留 upstream attribution，并完成正式 checkpoint runtime parity。,verified_by_git_baseline
configs/data/lm1b-streaming.yaml,yaml,upstream_unmodified,e0cb7de0c93087772d8900e3036fcd3d7955df5f1b34be89c834c7648d964bfa,147,7,upstream_runtime,上游 MDLM runtime、model、training/evaluation config 或 shell entrypoint。,False,,,,,0,False,0,0,none_identified,retain_upstream_until_adapter_parity,src/apexoracle_mdlm/models 下的 downstream inference adapter（M2 待完成）,不得作为本地杂乱代码删除；先保留 upstream attribution，并完成正式 checkpoint runtime parity。,verified_by_git_baseline
configs/data/lm1b.yaml,yaml,upstream_unmodified,7f71670cdc588c0ed0e701d514f7ba931e0350c04a01b840f62123ff6e2547b9,148,7,upstream_runtime,上游 MDLM runtime、model、training/evaluation config 或 shell entrypoint。,False,,,,,0,False,0,0,none_identified,retain_upstream_until_adapter_parity,src/apexoracle_mdlm/models 下的 downstream inference adapter（M2 待完成）,不得作为本地杂乱代码删除；先保留 upstream attribution，并完成正式 checkpoint runtime parity。,verified_by_git_baseline
configs/data/openwebtext-split.yaml,yaml,upstream_unmodified,b1b41c46001c0f572582a161e49130dbff8426c63add91b52709add4d56b52bb,160,7,upstream_runtime,上游 MDLM runtime、model、training/evaluation config 或 shell entrypoint。,False,,,,,0,False,0,0,none_identified,retain_upstream_until_adapter_parity,src/apexoracle_mdlm/models 下的 downstream inference adapter（M2 待完成）,不得作为本地杂乱代码删除；先保留 upstream attribution，并完成正式 checkpoint runtime parity。,verified_by_git_baseline
configs/data/openwebtext-streaming.yaml,yaml,upstream_unmodified,e27c9e56507bb5a45afa22973f975522652bc1ae87f9f095e001d777cd0e45fa,115,7,upstream_runtime,上游 MDLM runtime、model、training/evaluation config 或 shell entrypoint。,False,,,,,0,False,0,0,none_identified,retain_upstream_until_adapter_parity,src/apexoracle_mdlm/models 下的 downstream inference adapter（M2 待完成）,不得作为本地杂乱代码删除；先保留 upstream attribution，并完成正式 checkpoint runtime parity。,verified_by_git_baseline
configs/data/openwebtext.yaml,yaml,upstream_locally_modified,53336c2978a6c8c3609a7bfe8fd31285798d0c90905b0a7cac79c592a2369dd2,178,7,upstream_modified,来自上游但被 ApexOracle 本地修改的 runtime/config，属于 mixed-origin 高风险文件。,False,,,,,0,False,0,0,none_identified,hold_mixed_origin,拆分 upstream runtime 与 ApexOracle SELFIES/downstream profile（M2）,先逐项 characterise 本地 diff，并完成 clean/noisy/tokenization/runtime parity；不得整文件删除。,verified_by_git_blob_comparison
configs/data/ptb.yaml,yaml,upstream_unmodified,621937018c87098469aefb8f164cf727c160cc0c20a77d62fde84990944b95f3,132,7,upstream_runtime,上游 MDLM runtime、model、training/evaluation config 或 shell entrypoint。,False,,,,,0,False,0,0,none_identified,retain_upstream_until_adapter_parity,src/apexoracle_mdlm/models 下的 downstream inference adapter（M2 待完成）,不得作为本地杂乱代码删除；先保留 upstream attribution，并完成正式 checkpoint runtime parity。,verified_by_git_baseline
configs/data/scientific_papers_arxiv.yaml,yaml,upstream_unmodified,9d9480c1a136c0a05f25f7b2fe5708fcb04f5747bc580d8493121357f9fe5c46,172,7,upstream_runtime,上游 MDLM runtime、model、training/evaluation config 或 shell entrypoint。,False,,,,,0,False,0,0,none_identified,retain_upstream_until_adapter_parity,src/apexoracle_mdlm/models 下的 downstream inference adapter（M2 待完成）,不得作为本地杂乱代码删除；先保留 upstream attribution，并完成正式 checkpoint runtime parity。,verified_by_git_baseline
configs/data/scientific_papers_pubmed.yaml,yaml,upstream_unmodified,2a4dd3294c0ecd2eca46483c5dddddc750fce80d4b3ce402b586bbe3056838e5,174,7,upstream_runtime,上游 MDLM runtime、model、training/evaluation config 或 shell entrypoint。,False,,,,,0,False,0,0,none_identified,retain_upstream_until_adapter_parity,src/apexoracle_mdlm/models 下的 downstream inference adapter（M2 待完成）,不得作为本地杂乱代码删除；先保留 upstream attribution，并完成正式 checkpoint runtime parity。,verified_by_git_baseline
configs/data/text8-crop.yaml,yaml,upstream_unmodified,7a362a7d2a51438b64968caeb023aa7a2deb91b28a034615f98a951a2cd960b9,218,8,upstream_runtime,上游 MDLM runtime、model、training/evaluation config 或 shell entrypoint。,False,,,,,0,False,0,0,none_identified,retain_upstream_until_adapter_parity,src/apexoracle_mdlm/models 下的 downstream inference adapter（M2 待完成）,不得作为本地杂乱代码删除；先保留 upstream attribution，并完成正式 checkpoint runtime parity。,verified_by_git_baseline
configs/data/text8.yaml,yaml,upstream_unmodified,c3b2d8f4f6c6271c10f3f15e1e4bf896465cccda5b0d6236bd336c467cac315f,213,8,upstream_runtime,上游 MDLM runtime、model、training/evaluation config 或 shell entrypoint。,False,,,,,0,False,0,0,none_identified,retain_upstream_until_adapter_parity,src/apexoracle_mdlm/models 下的 downstream inference adapter（M2 待完成）,不得作为本地杂乱代码删除；先保留 upstream attribution，并完成正式 checkpoint runtime parity。,verified_by_git_baseline
configs/data/wikitext103.yaml,yaml,upstream_unmodified,95e224c465ca12c5c4b68b86b2b8a6f5634b70591f2fc7beba1ee793f492eb78,148,7,upstream_runtime,上游 MDLM runtime、model、training/evaluation config 或 shell entrypoint。,False,,,,,0,False,0,0,none_identified,retain_upstream_until_adapter_parity,src/apexoracle_mdlm/models 下的 downstream inference adapter（M2 待完成）,不得作为本地杂乱代码删除；先保留 upstream attribution，并完成正式 checkpoint runtime parity。,verified_by_git_baseline
configs/data/wikitext2.yaml,yaml,upstream_unmodified,78729db7e295f7340ac7b78857efe10005c8d0ff2bc0b6fc1ad578f2ac091814,144,7,upstream_runtime,上游 MDLM runtime、model、training/evaluation config 或 shell entrypoint。,False,,,,,0,False,0,0,none_identified,retain_upstream_until_adapter_parity,src/apexoracle_mdlm/models 下的 downstream inference adapter（M2 待完成）,不得作为本地杂乱代码删除；先保留 upstream attribution，并完成正式 checkpoint runtime parity。,verified_by_git_baseline
configs/lr_scheduler/constant_warmup.yaml,yaml,upstream_unmodified,f9828ad807d5d32def6e8cc6706553fb55585becc17bcc0ccf5191a710f234f8,79,2,upstream_runtime,上游 MDLM runtime、model、training/evaluation config 或 shell entrypoint。,False,,,,,0,False,0,0,none_identified,retain_upstream_until_adapter_parity,src/apexoracle_mdlm/models 下的 downstream inference adapter（M2 待完成）,不得作为本地杂乱代码删除；先保留 upstream attribution，并完成正式 checkpoint runtime parity。,verified_by_git_baseline
configs/lr_scheduler/cosine_decay_warmup.yaml,yaml,upstream_unmodified,90bf1b21df14c7b0387d336c04b406260241c4f6012266756175cfdedd1c4bc5,213,7,upstream_runtime,上游 MDLM runtime、model、training/evaluation config 或 shell entrypoint。,False,,,,,0,False,0,0,none_identified,retain_upstream_until_adapter_parity,src/apexoracle_mdlm/models 下的 downstream inference adapter（M2 待完成）,不得作为本地杂乱代码删除；先保留 upstream attribution，并完成正式 checkpoint runtime parity。,verified_by_git_baseline
configs/model/medium.yaml,yaml,upstream_unmodified,46590019e840a5ecd3637d65d57d02c17f617a499bfc17657c382cbae557d0db,154,10,upstream_runtime,上游 MDLM runtime、model、training/evaluation config 或 shell entrypoint。,False,,,,,0,False,0,0,none_identified,retain_upstream_until_adapter_parity,src/apexoracle_mdlm/models 下的 downstream inference adapter（M2 待完成）,不得作为本地杂乱代码删除；先保留 upstream attribution，并完成正式 checkpoint runtime parity。,verified_by_git_baseline
configs/model/small-ar.yaml,yaml,upstream_unmodified,382903fa055efb0f8772d0e411b0c9816baca027afab8da9996cd8bf43703b89,165,11,upstream_runtime,上游 MDLM runtime、model、training/evaluation config 或 shell entrypoint。,False,,,,,0,False,0,0,none_identified,retain_upstream_until_adapter_parity,src/apexoracle_mdlm/models 下的 downstream inference adapter（M2 待完成）,不得作为本地杂乱代码删除；先保留 upstream attribution，并完成正式 checkpoint runtime parity。,verified_by_git_baseline
configs/model/small.yaml,yaml,upstream_unmodified,6583e3fa5fe4fcb0b771045f127a8365a61627d89f18a53c249a6027ea4dae3f,152,10,upstream_runtime,上游 MDLM runtime、model、training/evaluation config 或 shell entrypoint。,False,,,,,0,False,0,0,none_identified,retain_upstream_until_adapter_parity,src/apexoracle_mdlm/models 下的 downstream inference adapter（M2 待完成）,不得作为本地杂乱代码删除；先保留 upstream attribution，并完成正式 checkpoint runtime parity。,verified_by_git_baseline
configs/model/tiny-ar.yaml,yaml,upstream_unmodified,ddab87a25faaf33a0f873d5d4c3043a9e6a26072f215b6dc65bdcb15dce0061b,162,11,upstream_runtime,上游 MDLM runtime、model、training/evaluation config 或 shell entrypoint。,False,,,,,0,False,0,0,none_identified,retain_upstream_until_adapter_parity,src/apexoracle_mdlm/models 下的 downstream inference adapter（M2 待完成）,不得作为本地杂乱代码删除；先保留 upstream attribution，并完成正式 checkpoint runtime parity。,verified_by_git_baseline
configs/model/tiny-dimamba.yaml,yaml,upstream_unmodified,339090beb75b1f185839326725bb3f21d920635c1d2a29132367bf1ae4c9773a,175,11,upstream_runtime,上游 MDLM runtime、model、training/evaluation config 或 shell entrypoint。,False,,,,,0,False,0,0,none_identified,retain_upstream_until_adapter_parity,src/apexoracle_mdlm/models 下的 downstream inference adapter（M2 待完成）,不得作为本地杂乱代码删除；先保留 upstream attribution，并完成正式 checkpoint runtime parity。,verified_by_git_baseline
configs/model/tiny.yaml,yaml,upstream_unmodified,461d83f2a242bdd116dcce2f60081047f0d6c0b62a7416a65a441df2e101308f,149,10,upstream_runtime,上游 MDLM runtime、model、training/evaluation config 或 shell entrypoint。,False,,,,,0,False,0,0,none_identified,retain_upstream_until_adapter_parity,src/apexoracle_mdlm/models 下的 downstream inference adapter（M2 待完成）,不得作为本地杂乱代码删除；先保留 upstream attribution，并完成正式 checkpoint runtime parity。,verified_by_git_baseline
configs/noise/ar.yaml,yaml,upstream_unmodified,0612b03ff5c790b1a1866ac0c2577159c7b9aa586ba64ca5bfefda680f28f652,19,2,upstream_runtime,上游 MDLM runtime、model、training/evaluation config 或 shell entrypoint。,False,,,,,0,False,0,0,none_identified,retain_upstream_until_adapter_parity,src/apexoracle_mdlm/models 下的 downstream inference adapter（M2 待完成）,不得作为本地杂乱代码删除；先保留 upstream attribution，并完成正式 checkpoint runtime parity。,verified_by_git_baseline
configs/noise/linear.yaml,yaml,upstream_unmodified,179e5f731fb8a3fc0e2d3edd0fd77ee1f5aa1396dec6b60ccec9b43d526d3fbb,43,3,upstream_runtime,上游 MDLM runtime、model、training/evaluation config 或 shell entrypoint。,False,,,,,0,False,0,0,none_identified,retain_upstream_until_adapter_parity,src/apexoracle_mdlm/models 下的 downstream inference adapter（M2 待完成）,不得作为本地杂乱代码删除；先保留 upstream attribution，并完成正式 checkpoint runtime parity。,verified_by_git_baseline
configs/noise/loglinear.yaml,yaml,upstream_unmodified,07e6e898f93eb54563170e95e2eb313dbf7927d4a1c6793d8c29ea407f31142d,45,3,upstream_runtime,上游 MDLM runtime、model、training/evaluation config 或 shell entrypoint。,False,,,,,0,False,0,0,none_identified,retain_upstream_until_adapter_parity,src/apexoracle_mdlm/models 下的 downstream inference adapter（M2 待完成）,不得作为本地杂乱代码删除；先保留 upstream attribution，并完成正式 checkpoint runtime parity。,verified_by_git_baseline
configs/noise/polynomial.yaml,yaml,upstream_unmodified,0d01540408e1b8432495742b77b507f90b1c93addc70297dd4d257d54b855995,43,5,upstream_runtime,上游 MDLM runtime、model、training/evaluation config 或 shell entrypoint。,False,,,,,0,False,0,0,none_identified,retain_upstream_until_adapter_parity,src/apexoracle_mdlm/models 下的 downstream inference adapter（M2 待完成）,不得作为本地杂乱代码删除；先保留 upstream attribution，并完成正式 checkpoint runtime parity。,verified_by_git_baseline
configs/strategy/ddp.yaml,yaml,upstream_unmodified,214271acf4b3b93c218471c2615946242424266e6032c9637fe5deda1a1a5d19,167,3,upstream_runtime,上游 MDLM runtime、model、training/evaluation config 或 shell entrypoint。,False,,,,,0,False,0,0,none_identified,retain_upstream_until_adapter_parity,src/apexoracle_mdlm/models 下的 downstream inference adapter（M2 待完成）,不得作为本地杂乱代码删除；先保留 upstream attribution，并完成正式 checkpoint runtime parity。,verified_by_git_baseline
configs/strategy/fsdp.yaml,yaml,upstream_unmodified,b23a1902f0a517e01e81c6503d4074987cd918bf579b7498f5fd0399b4c21296,142,4,upstream_runtime,上游 MDLM runtime、model、training/evaluation config 或 shell entrypoint。,False,,,,,0,False,0,0,none_identified,retain_upstream_until_adapter_parity,src/apexoracle_mdlm/models 下的 downstream inference adapter（M2 待完成）,不得作为本地杂乱代码删除；先保留 upstream attribution，并完成正式 checkpoint runtime parity。,verified_by_git_baseline
dataloader.py,py,upstream_unmodified,24512e7da3d6a74bcce63f8abfc201fc2612c9fc2fce7bf3272c1a417a655e18,22246,706,upstream_runtime,上游 MDLM runtime、model、training/evaluation config 或 shell entrypoint。,False,function:wt_detokenizer;function:ptb_detokenizer;function:lm1b_detokenizer;function:lambada_detokenizer;function:scientific_papers_detokenizer;class:Text8Tokenizer;function:Text8Tokenizer.__init__;function:Text8Tokenizer.vocab_size;function:Text8Tokenizer._tokenize;function:Text8Tokenizer._convert_token_to_id;function:Text8Tokenizer._convert_id_to_token;function:Text8Tokenizer.convert_tokens_to_string;function:Text8Tokenizer.get_vocab;function:get_lambada_test_dataset;function:get_lambada_test_dataset.read_jsonl_to_list;function:get_text8_dataset;function:get_text8_dataset.chunks;function:_group_texts;function:get_dataset;function:get_dataset._apply_detokenizer;function:get_dataset._apply_detokenizer.detok;function:get_dataset.preprocess_and_tokenize;function:get_tokenizer;function:get_dataloaders;class:RandomFaultTolerantSampler;function:RandomFaultTolerantSampler.__init__;function:RandomFaultTolerantSampler.state_dict;function:RandomFaultTolerantSampler.load_state_dict;function:RandomFaultTolerantSampler.__iter__;class:FaultTolerantDistributedSampler;function:FaultTolerantDistributedSampler.__init__;function:FaultTolerantDistributedSampler.state_dict;function:FaultTolerantDistributedSampler.load_state_dict;function:FaultTolerantDistributedSampler.__iter__,datasets;fsspec;functools;itertools;json;math;os;re;requests;shutil;tokenizers;torch;transformers;typing;urllib;utils;zipfile,utils.py,,1,False,0,0,none_identified,retain_upstream_until_adapter_parity,src/apexoracle_mdlm/models 下的 downstream inference adapter（M2 待完成）,不得作为本地杂乱代码删除；先保留 upstream attribution，并完成正式 checkpoint runtime parity。,verified_by_git_baseline
debug.py,py,apexoracle_legacy_added,d94e08505cd81f5328f239934b6982f53bb5645681704611f679486cce90d0f5,209,5,debug_case_study,debug、临时分析、milk/camel/case-study 或一次性统计/绘图代码。,False,,pandas;rdkit,,,0,False,0,0,none_identified,migrate_unique_behavior_else_snapshot_only,必要内容迁入 examples/reproduce；其余由 legacy tag 恢复,先核对论文图表、reviewer 产物、外部调用和独有算法；只有四项均为否或已有 replacement 才可移除。,static_classification_manual_review_pending
debug_2.py,py,apexoracle_legacy_added,0db8993be46bdd0286ca1ecb88f5e73bf43e0731b23bdf25923b933d739972a3,5996,144,debug_case_study,debug、临时分析、milk/camel/case-study 或一次性统计/绘图代码。,False,class:mol_emb_mdlm;function:mol_emb_mdlm.__init__;function:mol_emb_mdlm._process_sigma;function:mol_emb_mdlm._sample_t;function:mol_emb_mdlm._forward;function:mol_emb_mdlm.q_xt;function:mol_emb_mdlm.forward;function:mol_emb_mdlm.load_DIT,Bio;argparse;ast;collections;hydra;itertools;json;logging;models;noise_schedule;numpy;pandas;pathlib;scipy.stats;sklearn.cluster;sklearn.metrics;sklearn.model_selection;torch;torch.nn;torch.nn.functional;torch.nn.utils.rnn;torch.optim;torch.utils.data;tqdm;transformers;triton.language,models/__init__.py;noise_schedule.py,,1,False,0,0,none_identified,migrate_unique_behavior_else_snapshot_only,必要内容迁入 examples/reproduce；其余由 legacy tag 恢复,先核对论文图表、reviewer 产物、外部调用和独有算法；只有四项均为否或已有 replacement 才可移除。,static_classification_manual_review_pending
debug_3.py,py,apexoracle_legacy_added,582a0e091f0614d1e0aa212133bfb51f529387d726c7319278a27283ee0bf113,2544,71,debug_case_study,debug、临时分析、milk/camel/case-study 或一次性统计/绘图代码。,True,function:check_canonical,pandas;rdkit;sys;tqdm,,,0,False,0,0,none_identified,migrate_unique_behavior_else_snapshot_only,必要内容迁入 examples/reproduce；其余由 legacy tag 恢复,先核对论文图表、reviewer 产物、外部调用和独有算法；只有四项均为否或已有 replacement 才可移除。,static_classification_manual_review_pending
debug_temp_SMs_MIC_analysis.py,py,apexoracle_legacy_added,62c4908a59132b264052a327acd214330f306f0b9bb55dd3d3ce138465181bc0,715,29,debug_case_study,debug、临时分析、milk/camel/case-study 或一次性统计/绘图代码。,False,function:trim_iqr,matplotlib.pyplot;numpy;pandas,,,1,True,0,0,not_yet_linked_to_formal_paper,migrate_unique_behavior_else_snapshot_only,必要内容迁入 examples/reproduce；其余由 legacy tag 恢复,先核对论文图表、reviewer 产物、外部调用和独有算法；只有四项均为否或已有 replacement 才可移除。,static_classification_manual_review_pending
debug_temp_SMs_MIC_analysis_2.py,py,apexoracle_legacy_added,5c2da4594d720783c47d3ba4b7615200bf6af0d0c2a5647b2d61d9efff2fe4d4,513,15,debug_case_study,debug、临时分析、milk/camel/case-study 或一次性统计/绘图代码。,False,,matplotlib.pyplot;numpy;pandas,,,2,True,0,0,not_yet_linked_to_formal_paper,migrate_unique_behavior_else_snapshot_only,必要内容迁入 examples/reproduce；其余由 legacy tag 恢复,先核对论文图表、reviewer 产物、外部调用和独有算法；只有四项均为否或已有 replacement 才可移除。,static_classification_manual_review_pending
debug_temp_SMs_MIC_analysis_3.py,py,apexoracle_legacy_added,6e65701e3b32896c9345a51cdc79ccd7bdba430a49fc470e485a64421180d295,2298,51,debug_case_study,debug、临时分析、milk/camel/case-study 或一次性统计/绘图代码。,False,,matplotlib.pyplot;matplotlib_venn;numpy;pandas;rdkit;tqdm,,ApexOracle-Core,5,True,0,0,not_yet_linked_to_formal_paper,migrate_unique_behavior_else_snapshot_only,必要内容迁入 examples/reproduce；其余由 legacy tag 恢复,先核对论文图表、reviewer 产物、外部调用和独有算法；只有四项均为否或已有 replacement 才可移除。,static_classification_manual_review_pending
debug_temp_SMs_MIC_analysis_4.py,py,apexoracle_legacy_added,6e65701e3b32896c9345a51cdc79ccd7bdba430a49fc470e485a64421180d295,2298,51,debug_case_study,debug、临时分析、milk/camel/case-study 或一次性统计/绘图代码。,False,,matplotlib.pyplot;matplotlib_venn;numpy;pandas;rdkit;tqdm,,ApexOracle-Core,5,True,0,0,not_yet_linked_to_formal_paper,migrate_unique_behavior_else_snapshot_only,必要内容迁入 examples/reproduce；其余由 legacy tag 恢复,先核对论文图表、reviewer 产物、外部调用和独有算法；只有四项均为否或已有 replacement 才可移除。,static_classification_manual_review_pending
diffusion.py,py,upstream_locally_modified,1ee417356146ea0e3bd6e0a1ded167ce031a4fb1114ee62f3c0c7ea5704fe7f6,36173,1017,upstream_modified,来自上游但被 ApexOracle 本地修改的 runtime/config，属于 mixed-origin 高风险文件。,False,function:_sample_categorical;function:_unsqueeze;class:Loss;class:NLL;class:BPD;function:BPD.compute;class:Perplexity;function:Perplexity.compute;class:Diffusion;function:Diffusion.__init__;function:Diffusion._validate_configuration;function:Diffusion.on_load_checkpoint;function:Diffusion.on_save_checkpoint;function:Diffusion.on_train_start;function:Diffusion.optimizer_step;function:Diffusion._subs_parameterization;function:Diffusion._d3pm_parameterization;function:Diffusion._sedd_parameterization;function:Diffusion._process_sigma;function:Diffusion.forward;function:Diffusion._d3pm_loss;function:Diffusion._compute_loss;function:Diffusion.on_train_epoch_start;function:Diffusion.training_step;function:Diffusion.on_validation_epoch_start;function:Diffusion.validation_step;function:Diffusion.on_validation_epoch_end;function:Diffusion.configure_optimizers;function:Diffusion.eval_retokenize;function:Diffusion.compute_generative_perplexity;function:Diffusion.q_xt;function:Diffusion._sample_prior;function:Diffusion._ddpm_caching_update;function:Diffusion._ddpm_update;function:Diffusion._ar_sampler;function:Diffusion._sample;function:Diffusion.restore_model_and_sample;function:Diffusion.get_score;function:Diffusion._staggered_score;function:Diffusion._analytic_update;function:Diffusion._denoiser_update;function:Diffusion._transp_transition;function:Diffusion._sample_t;function:Diffusion._maybe_sub_sample;function:Diffusion._reconstruction_loss;function:Diffusion._forward_pass_diffusion;function:Diffusion._loss;function:Diffusion._score_entropy;function:Diffusion.sample_subs_guidance;function:Diffusion.restore_model_and_semi_ar_sample,dataclasses;dataloader;hydra.utils;itertools;lightning;math;models;noise_schedule;numpy;os;torch;torch.nn.functional;torchmetrics;transformers;typing;utils,dataloader.py;models/__init__.py;noise_schedule.py;utils.py,,0,False,0,0,none_identified,hold_mixed_origin,拆分 upstream runtime 与 ApexOracle SELFIES/downstream profile（M2）,先逐项 characterise 本地 diff，并完成 clean/noisy/tokenization/runtime parity；不得整文件删除。,verified_by_git_blob_comparison
guaidance_classifier_all_data.py,py,apexoracle_legacy_added,527f42a068f7fff5ea0edd7aa2e636bc8b76193bf61018c71e18ba24107db34f,11010,325,peptide_classifier,generation 使用的 peptide classifier trainer/head 历史变体。,True,class:mol_emb_mdlm;function:mol_emb_mdlm.__init__;function:mol_emb_mdlm._process_sigma;function:mol_emb_mdlm._sample_t;function:mol_emb_mdlm._forward;function:mol_emb_mdlm.q_xt;function:mol_emb_mdlm.forward;function:mol_emb_mdlm.load_DIT;class:ClsHead;function:ClsHead.__init__;function:ClsHead.forward;class:Pep_SM_Classifier;function:Pep_SM_Classifier.__init__;function:Pep_SM_Classifier.forward;function:Pep_SM_Classifier.training_step;function:Pep_SM_Classifier.validation_step;function:Pep_SM_Classifier.configure_optimizers,Bio;argparse;ast;collections;datasets;diffusion;hydra;itertools;json;lightning;lightning.pytorch.callbacks;lightning.pytorch.loggers;logging;models;noise_schedule;numpy;pandas;pathlib;scipy.stats;sklearn.cluster;sklearn.metrics;sklearn.model_selection;torch;torch.nn;torch.nn.functional;torch.nn.utils.rnn;torch.optim;torch.utils.data;tqdm;transformers;triton.language,diffusion.py;models/__init__.py;noise_schedule.py,ApexOracle-Core,5,False,0,0,none_identified,separate_v1_v2_then_migrate,M3 versioned peptide-classifier profiles,v1 deployed checkpoint 与 v2/reviewer data provenance 分开并完成 logit parity 后才可移除。,verified_family_role_exact_v1_producer_pending
guaidance_classifier_all_data_non_pad_mean.py,py,apexoracle_legacy_added,1a98aec35f4d610b802f77df745375936f36ad62638657799101714c5a2a7686,11917,338,peptide_classifier,generation 使用的 peptide classifier trainer/head 历史变体。,True,class:mol_emb_mdlm;function:mol_emb_mdlm.__init__;function:mol_emb_mdlm._process_sigma;function:mol_emb_mdlm._sample_t;function:mol_emb_mdlm._forward;function:mol_emb_mdlm.q_xt;function:mol_emb_mdlm.forward;function:mol_emb_mdlm.load_DIT;class:ClsHead;function:ClsHead.__init__;function:ClsHead.forward;function:mean_pooling;class:Pep_SM_Classifier;function:Pep_SM_Classifier.__init__;function:Pep_SM_Classifier.forward;function:Pep_SM_Classifier.training_step;function:Pep_SM_Classifier.validation_step;function:Pep_SM_Classifier.configure_optimizers,Bio;argparse;ast;collections;datasets;diffusion;hydra;itertools;json;lightning;lightning.pytorch.callbacks;lightning.pytorch.loggers;logging;models;noise_schedule;numpy;pandas;pathlib;scipy.stats;sklearn.cluster;sklearn.metrics;sklearn.model_selection;torch;torch.nn;torch.nn.functional;torch.nn.utils.rnn;torch.optim;torch.utils.data;tqdm;transformers;triton.language,diffusion.py;models/__init__.py;noise_schedule.py,ApexOracle-Core,5,False,0,0,none_identified,separate_v1_v2_then_migrate,M3 versioned peptide-classifier profiles,v1 deployed checkpoint 与 v2/reviewer data provenance 分开并完成 logit parity 后才可移除。,verified_family_role_exact_v1_producer_pending
guaidance_classifier_all_data_pad_no_mask.py,py,apexoracle_legacy_added,a79d1352f767f399e1aab83398adb20e88a83514ca8aeeb3ed1aafd0534df53e,11352,337,peptide_classifier,generation 使用的 peptide classifier trainer/head 历史变体。,True,class:mol_emb_mdlm;function:mol_emb_mdlm.__init__;function:mol_emb_mdlm._process_sigma;function:mol_emb_mdlm._sample_t;function:mol_emb_mdlm._forward;function:mol_emb_mdlm.q_xt;function:mol_emb_mdlm.forward;function:mol_emb_mdlm.load_DIT;class:ClsHead;function:ClsHead.__init__;function:ClsHead.forward;class:Pep_SM_Classifier;function:Pep_SM_Classifier.__init__;function:Pep_SM_Classifier.forward;function:Pep_SM_Classifier.training_step;function:Pep_SM_Classifier.validation_step;function:Pep_SM_Classifier.configure_optimizers,Bio;argparse;ast;collections;datasets;diffusion;hydra;itertools;json;lightning;lightning.pytorch.callbacks;lightning.pytorch.loggers;logging;models;noise_schedule;numpy;pandas;pathlib;scipy.stats;sklearn.cluster;sklearn.metrics;sklearn.model_selection;torch;torch.nn;torch.nn.functional;torch.nn.utils.rnn;torch.optim;torch.utils.data;tqdm;transformers;triton.language,diffusion.py;models/__init__.py;noise_schedule.py,ApexOracle-Core,5,False,0,0,none_identified,separate_v1_v2_then_migrate,M3 versioned peptide-classifier profiles,v1 deployed checkpoint 与 v2/reviewer data provenance 分开并完成 logit parity 后才可移除。,verified_family_role_exact_v1_producer_pending
guaidance_regressor_all_data.py,py,apexoracle_legacy_added,055e87b0f7c88c2dc640c1d8d216e24c508e38d77282f5f0f0281efd0570d2e0,115264,1995,mic_guidance,MIC guidance regressor trainer，包含 clean/noisy、padding、CLS/mean 等历史 profile。,True,class:mol_emb_mdlm;function:mol_emb_mdlm.__init__;function:mol_emb_mdlm._process_sigma;function:mol_emb_mdlm._sample_t;function:mol_emb_mdlm._forward;function:mol_emb_mdlm.q_xt;function:mol_emb_mdlm.forward;function:mol_emb_mdlm.load_DIT;function:get_embedded_genome_IDs;function:get_original_strain_name_with_genome_embedding;function:load_all_genome_embeddings;function:load_text_wo_genome_embeddings;class:SMILESDataset_with_genome_and_text;function:SMILESDataset_with_genome_and_text.__init__;function:SMILESDataset_with_genome_and_text.tokenize_smiles;function:SMILESDataset_with_genome_and_text.remove_long_smiles;function:SMILESDataset_with_genome_and_text.__len__;function:SMILESDataset_with_genome_and_text.__getitem__;class:SMILESDataset_with_text_only;function:SMILESDataset_with_text_only.__init__;function:SMILESDataset_with_text_only.__getitem__;function:collate_fn;function:collate_fn_text_only;function:collate_fn_cls;function:collate_fn_text_only_cls;class:RegressionHead;function:RegressionHead.__init__;function:RegressionHead.forward;class:FirstTokenAttention_genome;function:FirstTokenAttention_genome.__init__;function:FirstTokenAttention_genome.forward;function:calculate_r2;function:exclude_wrong_species_ATCC_map;function:cluster_species;function:get_ATCC_ID_to_species_name_map;function:get_original_strain_ID_to_species_name_map;function:merge_dict,Bio;argparse;ast;collections;hydra;itertools;json;logging;models;noise_schedule;numpy;pandas;pathlib;scipy.stats;sklearn.cluster;sklearn.metrics;sklearn.model_selection;torch;torch.nn;torch.nn.functional;torch.nn.utils.rnn;torch.optim;torch.utils.data;tqdm;transformers;triton.language,models/__init__.py;noise_schedule.py,ApexOracle-Core;ApexOracle-Evo2,4,False,0,0,none_identified,migrate_as_explicit_profiles,apexoracle_mdlm.models heads + M3 profile-driven trainer/scorer,checkpoint producer 血缘、resolved config、strict load 和 fixed-batch output parity 全部通过后才可移除。,verified_family_role_checkpoint_producer_pending
guaidance_regressor_all_data_non_pad.py,py,apexoracle_legacy_added,2a01a511e9a5d6428d8bc4f1240006db120c62c35631e89f67490e1e37732948,115506,1989,mic_guidance,MIC guidance regressor trainer，包含 clean/noisy、padding、CLS/mean 等历史 profile。,True,class:mol_emb_mdlm;function:mol_emb_mdlm.__init__;function:mol_emb_mdlm._process_sigma;function:mol_emb_mdlm._sample_t;function:mol_emb_mdlm._forward;function:mol_emb_mdlm.q_xt;function:mol_emb_mdlm.forward;function:mol_emb_mdlm.load_DIT;function:get_embedded_genome_IDs;function:get_original_strain_name_with_genome_embedding;function:load_all_genome_embeddings;function:load_text_wo_genome_embeddings;class:SMILESDataset_with_genome_and_text;function:SMILESDataset_with_genome_and_text.__init__;function:SMILESDataset_with_genome_and_text.tokenize_smiles;function:SMILESDataset_with_genome_and_text.remove_long_smiles;function:SMILESDataset_with_genome_and_text.__len__;function:SMILESDataset_with_genome_and_text.__getitem__;class:SMILESDataset_with_text_only;function:SMILESDataset_with_text_only.__init__;function:SMILESDataset_with_text_only.__getitem__;function:collate_fn;function:collate_fn_text_only;function:collate_fn_cls;function:collate_fn_text_only_cls;class:RegressionHead;function:RegressionHead.__init__;function:RegressionHead.forward;class:FirstTokenAttention_genome;function:FirstTokenAttention_genome.__init__;function:FirstTokenAttention_genome.forward;function:calculate_r2;function:exclude_wrong_species_ATCC_map;function:cluster_species;function:get_ATCC_ID_to_species_name_map;function:get_original_strain_ID_to_species_name_map;function:merge_dict,Bio;argparse;ast;collections;hydra;itertools;json;logging;models;noise_schedule;numpy;pandas;pathlib;scipy.stats;sklearn.cluster;sklearn.metrics;sklearn.model_selection;torch;torch.nn;torch.nn.functional;torch.nn.utils.rnn;torch.optim;torch.utils.data;tqdm;transformers;triton.language,models/__init__.py;noise_schedule.py,ApexOracle-Core;ApexOracle-Evo2,5,False,0,0,none_identified,migrate_as_explicit_profiles,apexoracle_mdlm.models heads + M3 profile-driven trainer/scorer,checkpoint producer 血缘、resolved config、strict load 和 fixed-batch output parity 全部通过后才可移除。,verified_family_role_checkpoint_producer_pending
guaidance_regressor_all_data_non_pad_cls.py,py,apexoracle_legacy_added,2a01a511e9a5d6428d8bc4f1240006db120c62c35631e89f67490e1e37732948,115506,1989,mic_guidance,MIC guidance regressor trainer，包含 clean/noisy、padding、CLS/mean 等历史 profile。,True,class:mol_emb_mdlm;function:mol_emb_mdlm.__init__;function:mol_emb_mdlm._process_sigma;function:mol_emb_mdlm._sample_t;function:mol_emb_mdlm._forward;function:mol_emb_mdlm.q_xt;function:mol_emb_mdlm.forward;function:mol_emb_mdlm.load_DIT;function:get_embedded_genome_IDs;function:get_original_strain_name_with_genome_embedding;function:load_all_genome_embeddings;function:load_text_wo_genome_embeddings;class:SMILESDataset_with_genome_and_text;function:SMILESDataset_with_genome_and_text.__init__;function:SMILESDataset_with_genome_and_text.tokenize_smiles;function:SMILESDataset_with_genome_and_text.remove_long_smiles;function:SMILESDataset_with_genome_and_text.__len__;function:SMILESDataset_with_genome_and_text.__getitem__;class:SMILESDataset_with_text_only;function:SMILESDataset_with_text_only.__init__;function:SMILESDataset_with_text_only.__getitem__;function:collate_fn;function:collate_fn_text_only;function:collate_fn_cls;function:collate_fn_text_only_cls;class:RegressionHead;function:RegressionHead.__init__;function:RegressionHead.forward;class:FirstTokenAttention_genome;function:FirstTokenAttention_genome.__init__;function:FirstTokenAttention_genome.forward;function:calculate_r2;function:exclude_wrong_species_ATCC_map;function:cluster_species;function:get_ATCC_ID_to_species_name_map;function:get_original_strain_ID_to_species_name_map;function:merge_dict,Bio;argparse;ast;collections;hydra;itertools;json;logging;models;noise_schedule;numpy;pandas;pathlib;scipy.stats;sklearn.cluster;sklearn.metrics;sklearn.model_selection;torch;torch.nn;torch.nn.functional;torch.nn.utils.rnn;torch.optim;torch.utils.data;tqdm;transformers;triton.language,models/__init__.py;noise_schedule.py,ApexOracle-Core;ApexOracle-Evo2,5,False,0,0,none_identified,migrate_as_explicit_profiles,apexoracle_mdlm.models heads + M3 profile-driven trainer/scorer,checkpoint producer 血缘、resolved config、strict load 和 fixed-batch output parity 全部通过后才可移除。,verified_family_role_checkpoint_producer_pending
guaidance_regressor_all_data_non_pad_cls_clean.py,py,apexoracle_legacy_added,1c15d5f6cb4e65b824d7381e1c7d1e037b49a2929eccb3b8aa02f314b4a5f447,115509,1989,mic_guidance,MIC guidance regressor trainer，包含 clean/noisy、padding、CLS/mean 等历史 profile。,True,class:mol_emb_mdlm;function:mol_emb_mdlm.__init__;function:mol_emb_mdlm._process_sigma;function:mol_emb_mdlm._sample_t;function:mol_emb_mdlm._forward;function:mol_emb_mdlm.q_xt;function:mol_emb_mdlm.forward;function:mol_emb_mdlm.load_DIT;function:get_embedded_genome_IDs;function:get_original_strain_name_with_genome_embedding;function:load_all_genome_embeddings;function:load_text_wo_genome_embeddings;class:SMILESDataset_with_genome_and_text;function:SMILESDataset_with_genome_and_text.__init__;function:SMILESDataset_with_genome_and_text.tokenize_smiles;function:SMILESDataset_with_genome_and_text.remove_long_smiles;function:SMILESDataset_with_genome_and_text.__len__;function:SMILESDataset_with_genome_and_text.__getitem__;class:SMILESDataset_with_text_only;function:SMILESDataset_with_text_only.__init__;function:SMILESDataset_with_text_only.__getitem__;function:collate_fn;function:collate_fn_text_only;function:collate_fn_cls;function:collate_fn_text_only_cls;class:RegressionHead;function:RegressionHead.__init__;function:RegressionHead.forward;class:FirstTokenAttention_genome;function:FirstTokenAttention_genome.__init__;function:FirstTokenAttention_genome.forward;function:calculate_r2;function:exclude_wrong_species_ATCC_map;function:cluster_species;function:get_ATCC_ID_to_species_name_map;function:get_original_strain_ID_to_species_name_map;function:merge_dict,Bio;argparse;ast;collections;hydra;itertools;json;logging;models;noise_schedule;numpy;pandas;pathlib;scipy.stats;sklearn.cluster;sklearn.metrics;sklearn.model_selection;torch;torch.nn;torch.nn.functional;torch.nn.utils.rnn;torch.optim;torch.utils.data;tqdm;transformers;triton.language,models/__init__.py;noise_schedule.py,ApexOracle-Core;ApexOracle-Evo2,5,False,0,0,none_identified,migrate_as_explicit_profiles,apexoracle_mdlm.models heads + M3 profile-driven trainer/scorer,checkpoint producer 血缘、resolved config、strict load 和 fixed-batch output parity 全部通过后才可移除。,verified_family_role_checkpoint_producer_pending
guaidance_regressor_all_data_non_pad_cls_noise.py,py,apexoracle_legacy_added,8968c53f8c552baa960429787bb8156bdcae03a3f0e6d70d4f717e9182bb7801,116616,2008,mic_guidance,MIC guidance regressor trainer，包含 clean/noisy、padding、CLS/mean 等历史 profile。,True,class:mol_emb_mdlm;function:mol_emb_mdlm.__init__;function:mol_emb_mdlm._process_sigma;function:mol_emb_mdlm._sample_t;function:mol_emb_mdlm._forward;function:mol_emb_mdlm.q_xt;function:mol_emb_mdlm.forward;function:mol_emb_mdlm.load_DIT;function:get_embedded_genome_IDs;function:get_original_strain_name_with_genome_embedding;function:load_all_genome_embeddings;function:load_text_wo_genome_embeddings;class:SMILESDataset_with_genome_and_text;function:SMILESDataset_with_genome_and_text.__init__;function:SMILESDataset_with_genome_and_text.tokenize_smiles;function:SMILESDataset_with_genome_and_text.remove_long_smiles;function:SMILESDataset_with_genome_and_text.__len__;function:SMILESDataset_with_genome_and_text.__getitem__;class:SMILESDataset_with_text_only;function:SMILESDataset_with_text_only.__init__;function:SMILESDataset_with_text_only.__getitem__;function:collate_fn;function:collate_fn_text_only;function:collate_fn_cls;function:collate_fn_text_only_cls;class:RegressionHead;function:RegressionHead.__init__;function:RegressionHead.forward;class:FirstTokenAttention_genome;function:FirstTokenAttention_genome.__init__;function:FirstTokenAttention_genome.forward;function:calculate_r2;function:exclude_wrong_species_ATCC_map;function:cluster_species;function:get_ATCC_ID_to_species_name_map;function:get_original_strain_ID_to_species_name_map;function:merge_dict,Bio;argparse;ast;collections;hydra;itertools;json;logging;models;noise_schedule;numpy;pandas;pathlib;scipy.stats;sklearn.cluster;sklearn.metrics;sklearn.model_selection;torch;torch.nn;torch.nn.functional;torch.nn.utils.rnn;torch.optim;torch.utils.data;tqdm;transformers;triton.language,models/__init__.py;noise_schedule.py,ApexOracle-Core;ApexOracle-Evo2,6,False,0,0,none_identified,migrate_as_explicit_profiles,apexoracle_mdlm.models heads + M3 profile-driven trainer/scorer,checkpoint producer 血缘、resolved config、strict load 和 fixed-batch output parity 全部通过后才可移除。,verified_family_role_checkpoint_producer_pending
guaidance_regressor_all_data_pad_no_mask.py,py,apexoracle_legacy_added,b727a1911bda908093b95d803c5f1298d734816a78a8f8763e61fd7d76b40f02,115259,1996,mic_guidance,MIC guidance regressor trainer，包含 clean/noisy、padding、CLS/mean 等历史 profile。,True,class:mol_emb_mdlm;function:mol_emb_mdlm.__init__;function:mol_emb_mdlm._process_sigma;function:mol_emb_mdlm._sample_t;function:mol_emb_mdlm._forward;function:mol_emb_mdlm.q_xt;function:mol_emb_mdlm.forward;function:mol_emb_mdlm.load_DIT;function:get_embedded_genome_IDs;function:get_original_strain_name_with_genome_embedding;function:load_all_genome_embeddings;function:load_text_wo_genome_embeddings;class:SMILESDataset_with_genome_and_text;function:SMILESDataset_with_genome_and_text.__init__;function:SMILESDataset_with_genome_and_text.tokenize_smiles;function:SMILESDataset_with_genome_and_text.remove_long_smiles;function:SMILESDataset_with_genome_and_text.__len__;function:SMILESDataset_with_genome_and_text.__getitem__;class:SMILESDataset_with_text_only;function:SMILESDataset_with_text_only.__init__;function:SMILESDataset_with_text_only.__getitem__;function:collate_fn;function:collate_fn_text_only;function:collate_fn_cls;function:collate_fn_text_only_cls;class:RegressionHead;function:RegressionHead.__init__;function:RegressionHead.forward;class:FirstTokenAttention_genome;function:FirstTokenAttention_genome.__init__;function:FirstTokenAttention_genome.forward;function:calculate_r2;function:exclude_wrong_species_ATCC_map;function:cluster_species;function:get_ATCC_ID_to_species_name_map;function:get_original_strain_ID_to_species_name_map;function:merge_dict,Bio;argparse;ast;collections;hydra;itertools;json;logging;models;noise_schedule;numpy;pandas;pathlib;scipy.stats;sklearn.cluster;sklearn.metrics;sklearn.model_selection;torch;torch.nn;torch.nn.functional;torch.nn.utils.rnn;torch.optim;torch.utils.data;tqdm;transformers;triton.language,models/__init__.py;noise_schedule.py,ApexOracle-Core;ApexOracle-Evo2,4,False,0,0,none_identified,migrate_as_explicit_profiles,apexoracle_mdlm.models heads + M3 profile-driven trainer/scorer,checkpoint producer 血缘、resolved config、strict load 和 fixed-batch output parity 全部通过后才可移除。,verified_family_role_checkpoint_producer_pending
huggingface/huggingface_config.py,py,apexoracle_legacy_added,e781d344224579770da906e14d665575bc4da8c918bb0b7c0d494bebdbe96a9f,5961,163,huggingface_export,历史 Hugging Face model/tokenizer wrapper、config 或上传脚本。,True,class:mol_emb_mdlm;function:mol_emb_mdlm.__init__;function:mol_emb_mdlm._process_sigma;function:mol_emb_mdlm._sample_t;function:mol_emb_mdlm._forward;function:mol_emb_mdlm.q_xt;function:mol_emb_mdlm.forward;function:mol_emb_mdlm.load_DIT;class:MolEmbDLM;function:build_hf_config,Bio;argparse;ast;collections;huggingface_hub;hydra;itertools;json;logging;models;noise_schedule;numpy;omegaconf;pandas;pathlib;scipy.stats;sklearn.cluster;sklearn.metrics;sklearn.model_selection;torch;torch.nn;torch.nn.functional;torch.nn.utils.rnn;torch.optim;torch.utils.data;tqdm;transformers;triton.language,models/__init__.py;noise_schedule.py,ApexOracle-Core,4,False,0,0,none_identified,audit_then_canonicalize_or_snapshot_only,M2 canonical exporter/model card（若最终需要发布）,public revision、权重 SHA、tokenizer、license 和正式 DLM checkpoint 对应关系确认后才可清理。,verified_family_role_revision_lineage_pending
huggingface/huggingface_model/DLM_emb_model.py,py,apexoracle_legacy_added,61dd186a68586ea9a7dd06523b25c8d2d9610a0a2f6e4411b0b312834ff72050,7375,197,huggingface_export,历史 Hugging Face model/tokenizer wrapper、config 或上传脚本。,True,class:mol_emb_mdlm;function:mol_emb_mdlm.__init__;function:mol_emb_mdlm._process_sigma;function:mol_emb_mdlm._sample_t;function:mol_emb_mdlm._forward;function:mol_emb_mdlm.q_xt;function:mol_emb_mdlm.forward;function:mol_emb_mdlm.load_DIT;class:MolEmbDLM;function:MolEmbDLM.__init__;function:to_container_safe;function:build_hf_config,Bio;argparse;ast;collections;huggingface_hub;hydra;itertools;json;logging;models;noise_schedule;numpy;omegaconf;pandas;pathlib;scipy.stats;sklearn.cluster;sklearn.metrics;sklearn.model_selection;torch;torch.nn;torch.nn.functional;torch.nn.utils.rnn;torch.optim;torch.utils.data;tqdm;transformers;triton.language,models/__init__.py;noise_schedule.py,ApexOracle-Core,4,False,0,0,none_identified,audit_then_canonicalize_or_snapshot_only,M2 canonical exporter/model card（若最终需要发布）,public revision、权重 SHA、tokenizer、license 和正式 DLM checkpoint 对应关系确认后才可清理。,verified_family_role_revision_lineage_pending
huggingface/huggingface_model/config.json,json,apexoracle_legacy_added,095682dbf2690c213fd2cb3ecf07f13f3e7ae091dd16a43b5a21f36585e3fd0d,4658,159,huggingface_export,历史 Hugging Face model/tokenizer wrapper、config 或上传脚本。,False,,,,,1,False,0,0,none_identified,audit_then_canonicalize_or_snapshot_only,M2 canonical exporter/model card（若最终需要发布）,public revision、权重 SHA、tokenizer、license 和正式 DLM checkpoint 对应关系确认后才可清理。,verified_family_role_revision_lineage_pending
huggingface/huggingface_model/example.py,py,apexoracle_legacy_added,e10ff834b37e80f9bdfe5b63c27d6a114c43bdf418ef0b616693b8c7d14723ec,758,33,huggingface_export,历史 Hugging Face model/tokenizer wrapper、config 或上传脚本。,False,,DLM_emb_model;torch;transformers,,,0,False,0,0,none_identified,audit_then_canonicalize_or_snapshot_only,M2 canonical exporter/model card（若最终需要发布）,public revision、权重 SHA、tokenizer、license 和正式 DLM checkpoint 对应关系确认后才可清理。,verified_family_role_revision_lineage_pending
huggingface/huggingface_model/huggingface_config.py,py,apexoracle_legacy_added,50e2851bd9c068504a0d4e000e2c3a34ea97e8fcfce53c13953b1ee2b07b0eb8,5959,161,huggingface_export,历史 Hugging Face model/tokenizer wrapper、config 或上传脚本。,True,class:mol_emb_mdlm;function:mol_emb_mdlm.__init__;function:mol_emb_mdlm._process_sigma;function:mol_emb_mdlm._sample_t;function:mol_emb_mdlm._forward;function:mol_emb_mdlm.q_xt;function:mol_emb_mdlm.forward;function:mol_emb_mdlm.load_DIT;class:MolEmbDLM;function:build_hf_config,Bio;argparse;ast;collections;huggingface_hub;hydra;itertools;json;logging;models;noise_schedule;numpy;omegaconf;pandas;pathlib;scipy.stats;sklearn.cluster;sklearn.metrics;sklearn.model_selection;torch;torch.nn;torch.nn.functional;torch.nn.utils.rnn;torch.optim;torch.utils.data;tqdm;transformers;triton.language,models/__init__.py;noise_schedule.py,ApexOracle-Core,4,False,0,0,none_identified,audit_then_canonicalize_or_snapshot_only,M2 canonical exporter/model card（若最终需要发布）,public revision、权重 SHA、tokenizer、license 和正式 DLM checkpoint 对应关系确认后才可清理。,verified_family_role_revision_lineage_pending
huggingface/huggingface_model/models/__init__.py,py,apexoracle_legacy_added,102e918e884462b4ea48d9cc1e23a751bc04dcb715463882accbdbe0b71bc0c2,87,5,huggingface_export,历史 Hugging Face model/tokenizer wrapper、config 或上传脚本。,False,,,,,0,False,0,0,none_identified,audit_then_canonicalize_or_snapshot_only,M2 canonical exporter/model card（若最终需要发布）,public revision、权重 SHA、tokenizer、license 和正式 DLM checkpoint 对应关系确认后才可清理。,verified_family_role_revision_lineage_pending
huggingface/huggingface_model/models/autoregressive.py,py,apexoracle_legacy_added,eabc0b5e993e46e744b13d67f3df5eba17d4bdda2b106137285833d01e81a1ce,9575,359,huggingface_export,历史 Hugging Face model/tokenizer wrapper、config 或上传脚本。,False,function:bias_dropout_add_scale;function:get_bias_dropout_add_scale;function:get_bias_dropout_add_scale._bias_dropout_add;function:bias_dropout_add_scale_fused_train;function:bias_dropout_add_scale_fused_inference;class:Rotary;function:Rotary.__init__;function:Rotary.forward;function:rotate_half;function:apply_rotary_pos_emb;class:LayerNorm;function:LayerNorm.__init__;function:LayerNorm.forward;function:residual_linear;class:DDiTBlock;function:DDiTBlock.__init__;function:DDiTBlock._get_bias_dropout_scale;function:DDiTBlock.forward;class:EmbeddingLayer;function:EmbeddingLayer.__init__;function:EmbeddingLayer.forward;class:DDitFinalLayer;function:DDitFinalLayer.__init__;function:DDitFinalLayer.forward;class:DDIT;function:DDIT.__init__;function:DDIT._get_bias_dropout_scale;class:AR;function:AR.__init__;function:AR.forward,einops;flash_attn;flash_attn.layers.rotary;huggingface_hub;math;omegaconf;torch;torch.nn;torch.nn.functional;typing,,,0,False,0,0,none_identified,audit_then_canonicalize_or_snapshot_only,M2 canonical exporter/model card（若最终需要发布）,public revision、权重 SHA、tokenizer、license 和正式 DLM checkpoint 对应关系确认后才可清理。,verified_family_role_revision_lineage_pending
huggingface/huggingface_model/models/dimamba.py,py,apexoracle_legacy_added,17f1b4e11e5dd63acebd441532f37de51e5822f2583ef7c41fdabbe0a6a34ccc,40401,1136,huggingface_export,历史 Hugging Face model/tokenizer wrapper、config 或上传脚本。,False,class:Mamba;function:Mamba.__init__;function:Mamba.forward;function:Mamba.step;function:Mamba.allocate_inference_cache;function:Mamba._get_states_from_cache;class:Block;function:Block.__init__;function:Block._get_bias_dropout_scale;function:Block.forward;function:Block.allocate_inference_cache;class:BiMambaConfig;function:BiMambaConfig.__init__;function:create_block;class:BiMambaWrapper;function:BiMambaWrapper.__init__;function:BiMambaWrapper.forward;class:BiMambaEmbeddings;function:BiMambaEmbeddings.__init__;function:BiMambaEmbeddings.forward;class:BiMambaMixerModel;function:BiMambaMixerModel.__init__;function:BiMambaMixerModel.pre_apply_temb;function:BiMambaMixerModel.forward;function:cross_entropy;function:weighted_cross_entropy;class:BiMambaPreTrainedModel;function:BiMambaPreTrainedModel._init_weights;class:BiMamba;function:BiMamba.__init__;function:BiMamba.forward;class:BiMambaForMaskedLM;function:BiMambaForMaskedLM.__init__;function:BiMambaForMaskedLM.init_weights;function:BiMambaForMaskedLM.post_init;function:BiMambaForMaskedLM.get_input_embeddings;function:BiMambaForMaskedLM.set_input_embeddings;function:BiMambaForMaskedLM.get_output_embeddings;function:BiMambaForMaskedLM.set_output_embeddings;function:BiMambaForMaskedLM.tie_weights;function:BiMambaForMaskedLM.get_decoder;function:BiMambaForMaskedLM.set_decoder;function:BiMambaForMaskedLM.forward;class:DiMamba;function:DiMamba.__init__;function:DiMamba._get_bias_dropout_scale;function:DiMamba.forward,causal_conv1d;einops;functools;huggingface_hub;mamba_ssm.ops.selective_scan_interface;mamba_ssm.ops.triton.layernorm;mamba_ssm.ops.triton.selective_state_update;math;models.dit;numpy;omegaconf;torch;torch.nn;torch.nn.functional;transformers;transformers.modeling_outputs;typing,models/dit.py,,0,False,0,0,none_identified,audit_then_canonicalize_or_snapshot_only,M2 canonical exporter/model card（若最终需要发布）,public revision、权重 SHA、tokenizer、license 和正式 DLM checkpoint 对应关系确认后才可清理。,verified_family_role_revision_lineage_pending
huggingface/huggingface_model/models/dit.py,py,apexoracle_legacy_added,7eabdb3ec6b5f7cabaf5ad39b83e4cf1b8cbb13ba0821f6a7eb753f9ad38ad7f,16898,514,huggingface_export,历史 Hugging Face model/tokenizer wrapper、config 或上传脚本。,False,function:bias_dropout_add_scale;function:get_bias_dropout_add_scale;function:get_bias_dropout_add_scale._bias_dropout_add;function:modulate;function:bias_dropout_add_scale_fused_train;function:bias_dropout_add_scale_fused_inference;function:modulate_fused;class:Rotary;function:Rotary.__init__;function:Rotary.forward;function:rotate_half;function:apply_rotary_pos_emb;function:modulate;class:LayerNorm;function:LayerNorm.__init__;function:LayerNorm.forward;function:residual_linear;class:TimestepEmbedder;function:TimestepEmbedder.__init__;function:TimestepEmbedder.timestep_embedding;function:TimestepEmbedder.forward;class:LabelEmbedder;function:LabelEmbedder.__init__;function:LabelEmbedder.forward;class:DDiTBlock;function:DDiTBlock.__init__;function:DDiTBlock._get_bias_dropout_scale;function:DDiTBlock.forward;class:DDiTBlock_non_pad;function:DDiTBlock_non_pad.__init__;function:DDiTBlock_non_pad._get_bias_dropout_scale;function:DDiTBlock_non_pad.forward;class:EmbeddingLayer;function:EmbeddingLayer.__init__;function:EmbeddingLayer.forward;class:DDitFinalLayer;function:DDitFinalLayer.__init__;function:DDitFinalLayer.forward;class:DIT;function:DIT.__init__;function:DIT._get_bias_dropout_scale;function:DIT.forward;class:DIT_non_pad;function:DIT_non_pad.__init__;function:DIT_non_pad._get_bias_dropout_scale;function:DIT_non_pad.forward,einops;flash_attn;flash_attn.layers.rotary;huggingface_hub;math;omegaconf;torch;torch.nn;torch.nn.functional;typing,,,0,False,0,0,none_identified,audit_then_canonicalize_or_snapshot_only,M2 canonical exporter/model card（若最终需要发布）,public revision、权重 SHA、tokenizer、license 和正式 DLM checkpoint 对应关系确认后才可清理。,verified_family_role_revision_lineage_pending
huggingface/huggingface_model/models/ema.py,py,apexoracle_legacy_added,f1417e66a46b2c2144e3fd47bb5c91c819f8c55f6bd18c75b72a75dc36bafb60,3320,98,huggingface_export,历史 Hugging Face model/tokenizer wrapper、config 或上传脚本。,False,class:ExponentialMovingAverage;function:ExponentialMovingAverage.__init__;function:ExponentialMovingAverage.move_shadow_params_to_device;function:ExponentialMovingAverage.update;function:ExponentialMovingAverage.copy_to;function:ExponentialMovingAverage.store;function:ExponentialMovingAverage.restore;function:ExponentialMovingAverage.state_dict;function:ExponentialMovingAverage.load_state_dict,torch,,,0,False,0,0,none_identified,audit_then_canonicalize_or_snapshot_only,M2 canonical exporter/model card（若最终需要发布）,public revision、权重 SHA、tokenizer、license 和正式 DLM checkpoint 对应关系确认后才可清理。,verified_family_role_revision_lineage_pending
huggingface/huggingface_model/noise_schedule.py,py,apexoracle_legacy_added,da16320cebbc727c03e8e45297593505fb41a597c7a5ef29eacd7043207a763c,4352,152,huggingface_export,历史 Hugging Face model/tokenizer wrapper、config 或上传脚本。,False,function:get_noise;function:binary_discretization;class:Noise;function:Noise.forward;function:Noise.rate_noise;function:Noise.total_noise;class:CosineNoise;function:CosineNoise.__init__;function:CosineNoise.rate_noise;function:CosineNoise.total_noise;class:CosineSqrNoise;function:CosineSqrNoise.__init__;function:CosineSqrNoise.rate_noise;function:CosineSqrNoise.total_noise;class:Linear;function:Linear.__init__;function:Linear.rate_noise;function:Linear.total_noise;function:Linear.importance_sampling_transformation;class:GeometricNoise;function:GeometricNoise.__init__;function:GeometricNoise.rate_noise;function:GeometricNoise.total_noise;class:LogLinearNoise;function:LogLinearNoise.__init__;function:LogLinearNoise.rate_noise;function:LogLinearNoise.total_noise;function:LogLinearNoise.importance_sampling_transformation,abc;torch;torch.nn,,,0,False,0,0,none_identified,audit_then_canonicalize_or_snapshot_only,M2 canonical exporter/model card（若最终需要发布）,public revision、权重 SHA、tokenizer、license 和正式 DLM checkpoint 对应关系确认后才可清理。,verified_family_role_revision_lineage_pending
huggingface/huggingface_model/special_tokens_map.json,json,apexoracle_legacy_added,5d5b662e421ea9fac075174bb0688ee0d9431699900b90662acd44b2a350503a,695,38,huggingface_export,历史 Hugging Face model/tokenizer wrapper、config 或上传脚本。,False,,,,,0,False,0,0,none_identified,audit_then_canonicalize_or_snapshot_only,M2 canonical exporter/model card（若最终需要发布）,public revision、权重 SHA、tokenizer、license 和正式 DLM checkpoint 对应关系确认后才可清理。,verified_family_role_revision_lineage_pending
huggingface/huggingface_model/tokenizer.json,json,apexoracle_legacy_added,29b3568f4721f2c8635f8c8468e3c5bacddc58e5970f7a7a323d549c296e23c8,547985,27176,huggingface_export,历史 Hugging Face model/tokenizer wrapper、config 或上传脚本。,False,,,,,0,False,0,0,none_identified,audit_then_canonicalize_or_snapshot_only,M2 canonical exporter/model card（若最终需要发布）,public revision、权重 SHA、tokenizer、license 和正式 DLM checkpoint 对应关系确认后才可清理。,verified_family_role_revision_lineage_pending
huggingface/huggingface_model/tokenizer_config.json,json,apexoracle_legacy_added,889efe4908ff2a3fbff71daab928085e4bc29ba75cf86e720bdfb6e7222227fe,513572,23950,huggingface_export,历史 Hugging Face model/tokenizer wrapper、config 或上传脚本。,False,,,,,0,False,0,0,none_identified,audit_then_canonicalize_or_snapshot_only,M2 canonical exporter/model card（若最终需要发布）,public revision、权重 SHA、tokenizer、license 和正式 DLM checkpoint 对应关系确认后才可清理。,verified_family_role_revision_lineage_pending
huggingface/upload.py,py,apexoracle_legacy_added,bd30caba06800b81cbee533c55af3b37ad01a174d42b4f6c2004490bbc470039,215,2,huggingface_export,历史 Hugging Face model/tokenizer wrapper、config 或上传脚本。,False,,huggingface_hub,,,1,False,0,0,none_identified,audit_then_canonicalize_or_snapshot_only,M2 canonical exporter/model card（若最终需要发布）,public revision、权重 SHA、tokenizer、license 和正式 DLM checkpoint 对应关系确认后才可清理。,verified_family_role_revision_lineage_pending
huggingface_push.py,py,apexoracle_legacy_added,43a6e666798440e2f5a5e5868aa228dfe1378467890b98c60636ca390232b4b4,40882,924,huggingface_export,历史 Hugging Face model/tokenizer wrapper、config 或上传脚本。,True,class:mol_emb_mdlm;function:mol_emb_mdlm.__init__;function:mol_emb_mdlm._process_sigma;function:mol_emb_mdlm._sample_t;function:mol_emb_mdlm._forward;function:mol_emb_mdlm.q_xt;function:mol_emb_mdlm.forward;function:mol_emb_mdlm.load_DIT;function:get_embedded_genome_IDs;function:get_original_strain_name_with_genome_embedding;function:load_all_genome_embeddings;function:load_text_wo_genome_embeddings;class:SMILESDataset_with_genome_and_text;function:SMILESDataset_with_genome_and_text.__init__;function:SMILESDataset_with_genome_and_text.tokenize_smiles;function:SMILESDataset_with_genome_and_text.remove_long_smiles;function:SMILESDataset_with_genome_and_text.__len__;function:SMILESDataset_with_genome_and_text.__getitem__;class:SMILESDataset_with_text_only;function:SMILESDataset_with_text_only.__init__;function:SMILESDataset_with_text_only.__getitem__;function:collate_fn;function:collate_fn_text_only;function:collate_fn_cls;function:collate_fn_text_only_cls;class:RegressionHead;function:RegressionHead.__init__;function:RegressionHead.forward;class:FirstTokenAttention_genome;function:FirstTokenAttention_genome.__init__;function:FirstTokenAttention_genome.forward;function:calculate_r2;function:exclude_wrong_species_ATCC_map;function:cluster_species;function:get_ATCC_ID_to_species_name_map;function:get_original_strain_ID_to_species_name_map;function:merge_dict;function:mean_pooling;function:to_container_safe,Bio;argparse;ast;collections;hydra;itertools;json;logging;models;noise_schedule;numpy;omegaconf;pandas;pathlib;scipy.stats;sklearn.cluster;sklearn.metrics;sklearn.model_selection;torch;torch.nn;torch.nn.functional;torch.nn.utils.rnn;torch.optim;torch.utils.data;tqdm;transformers;triton.language,models/__init__.py;noise_schedule.py,ApexOracle-Core;ApexOracle-Evo2,4,False,0,0,none_identified,audit_then_canonicalize_or_snapshot_only,M2 canonical exporter/model card（若最终需要发布）,public revision、权重 SHA、tokenizer、license 和正式 DLM checkpoint 对应关系确认后才可清理。,verified_family_role_revision_lineage_pending
judge_generated_mols_MIC.py,py,apexoracle_legacy_added,3d05bb6e6d53e5d151feb80980a22a321d89363695c1d566231a45b7cb3051d2,2684,84,candidate_scoring,generated/candidate molecule 的 MIC 或 synergy scoring、I/O 与绘图混合 driver。,False,class:MIC_regressor;function:MIC_regressor.__init__;function:MIC_regressor.forward,__future__;apexoracle_mdlm.scoring;hydra;pathlib;torch,,ApexOracle-Core,0,False,0,0,compatibility_bridge_for_canonical_fig3a_and_core_mic_scorer,remove_bridge_after_core_caller_migration,apexoracle_mdlm.scoring + scripts/reproduce/plot_paper_fig3a.py,原 642 行实现已由 canonical scoring/figure capsule 取代；ApexOracle-Core 停止动态 import 此文件并通过跨仓库测试后移除薄兼容桥。,verified_canonical_migration_and_formal_parity
judge_generated_mols_synergy.py,py,apexoracle_legacy_added,e97aa0140177c9040c4cce22cd31c0f705572bc76518d0e8b125ab5f8c71a7bd,20561,466,candidate_scoring,generated/candidate molecule 的 MIC 或 synergy scoring、I/O 与绘图混合 driver。,True,class:mol_emb_mdlm;function:mol_emb_mdlm.__init__;function:mol_emb_mdlm._process_sigma;function:mol_emb_mdlm._sample_t;function:mol_emb_mdlm._forward;function:mol_emb_mdlm.forward;function:mol_emb_mdlm.load_DIT;class:mol_emb_mdlm_no_weights;function:mol_emb_mdlm_no_weights.__init__;function:mol_emb_mdlm_no_weights.load_DIT;class:synergy_classifier;function:synergy_classifier.__init__;function:synergy_classifier.load_genome_test_embedding;function:synergy_classifier.load_pretrained_weight;function:synergy_classifier.forward;function:get_mic;function:inv_log2;function:lighten_color,Bio;argparse;ast;collections;guaidance_regressor_all_data;hydra;itertools;json;logging;matplotlib.collections;matplotlib.colors;matplotlib.pyplot;matplotlib.ticker;models;noise_schedule;numpy;pandas;pathlib;peft;scipy.stats;seaborn;selfies;sklearn.cluster;sklearn.metrics;sklearn.model_selection;torch;torch.nn;torch.nn.functional;torch.nn.utils.rnn;torch.optim;torch.utils.data;tqdm;transformers;triton.language,guaidance_regressor_all_data.py;models/__init__.py;noise_schedule.py,ApexOracle-Core;ApexOracle-Generation,9,True,0,0,not_yet_linked_to_formal_paper,migrate_library_cli_plotting,apexoracle_mdlm.scoring + 参数化 CLI + frozen figure capsules,正式 checkpoint/input 上 prediction parity、输出表 parity、外部 caller audit 和所有论文图血缘冻结后才可移除。,verified_family_role_end_to_end_parity_pending
judge_mol_mic_with_fig.py,py,apexoracle_legacy_added,7c51b517c96121d60576c7b1f5598a1b9abc1ecbc8b33f10bd9e98f4dfc3f397,18776,435,candidate_scoring,generated/candidate molecule 的 MIC 或 synergy scoring、I/O 与绘图混合 driver。,True,class:mol_emb_mdlm;function:mol_emb_mdlm.__init__;function:mol_emb_mdlm._process_sigma;function:mol_emb_mdlm._sample_t;function:mol_emb_mdlm._forward;function:mol_emb_mdlm.forward;function:mol_emb_mdlm.load_DIT;class:mol_emb_mdlm_no_weights;function:mol_emb_mdlm_no_weights.__init__;function:mol_emb_mdlm_no_weights.load_DIT;class:MIC_regressor;function:MIC_regressor.__init__;function:MIC_regressor.load_genome_test_embedding;function:MIC_regressor.load_pretrained_weight;function:MIC_regressor.forward;function:get_mic;function:has_only_allowed_atoms;function:is_peptide_simple,Bio;PIL;argparse;ast;collections;guaidance_regressor_all_data;hydra;itertools;json;logging;matplotlib.pyplot;matplotlib.ticker;models;noise_schedule;numpy;pandas;pathlib;rdkit;rdkit.Chem;rdkit.Chem.Draw;scipy.stats;selfies;shutil;sklearn.cluster;sklearn.metrics;sklearn.model_selection;smiles_to_peptide;sympy.codegen.ast;torch;torch.nn;torch.nn.functional;torch.nn.utils.rnn;torch.optim;torch.utils.data;tqdm;transformers;triton.language,guaidance_regressor_all_data.py;models/__init__.py;noise_schedule.py;smiles_to_peptide.py,ApexOracle-Core;ApexOracle-Generation,12,True,0,0,not_yet_linked_to_formal_paper,migrate_library_cli_plotting,apexoracle_mdlm.scoring + 参数化 CLI + frozen figure capsules,正式 checkpoint/input 上 prediction parity、输出表 parity、外部 caller audit 和所有论文图血缘冻结后才可移除。,verified_family_role_end_to_end_parity_pending
judge_mol_synergy_with_fig.py,py,apexoracle_legacy_added,e792e3901b157ae5379dc4747eae10d1c16abedebefa9a0046c980ee433cc8fc,19198,431,candidate_scoring,generated/candidate molecule 的 MIC 或 synergy scoring、I/O 与绘图混合 driver。,True,class:mol_emb_mdlm;function:mol_emb_mdlm.__init__;function:mol_emb_mdlm._process_sigma;function:mol_emb_mdlm._sample_t;function:mol_emb_mdlm._forward;function:mol_emb_mdlm.forward;function:mol_emb_mdlm.load_DIT;class:mol_emb_mdlm_no_weights;function:mol_emb_mdlm_no_weights.__init__;function:mol_emb_mdlm_no_weights.load_DIT;class:synergy_classifier;function:synergy_classifier.__init__;function:synergy_classifier.load_genome_test_embedding;function:synergy_classifier.load_pretrained_weight;function:synergy_classifier.forward;function:get_mic;function:has_only_allowed_atoms;function:is_peptide_simple,Bio;PIL;argparse;ast;collections;guaidance_regressor_all_data;hydra;itertools;json;logging;matplotlib.pyplot;matplotlib.ticker;models;noise_schedule;numpy;pandas;pathlib;peft;rdkit;rdkit.Chem;rdkit.Chem.Draw;scipy.stats;selfies;shutil;sklearn.cluster;sklearn.metrics;sklearn.model_selection;torch;torch.nn;torch.nn.functional;torch.nn.utils.rnn;torch.optim;torch.utils.data;tqdm;transformers;triton.language,guaidance_regressor_all_data.py;models/__init__.py;noise_schedule.py,ApexOracle-Core;ApexOracle-Generation,9,True,0,0,not_yet_linked_to_formal_paper,migrate_library_cli_plotting,apexoracle_mdlm.scoring + 参数化 CLI + frozen figure capsules,正式 checkpoint/input 上 prediction parity、输出表 parity、外部 caller audit 和所有论文图血缘冻结后才可移除。,verified_family_role_end_to_end_parity_pending
judge_smi2pep2smi_mol_mic_with_fig.py,py,apexoracle_legacy_added,8dbdea07e07f78e3979f2e8e8c7c221f755f62fa7981d60e6d2f0e5ee7b90147,19250,451,candidate_scoring,generated/candidate molecule 的 MIC 或 synergy scoring、I/O 与绘图混合 driver。,True,class:mol_emb_mdlm;function:mol_emb_mdlm.__init__;function:mol_emb_mdlm._process_sigma;function:mol_emb_mdlm._sample_t;function:mol_emb_mdlm._forward;function:mol_emb_mdlm.forward;function:mol_emb_mdlm.load_DIT;class:mol_emb_mdlm_no_weights;function:mol_emb_mdlm_no_weights.__init__;function:mol_emb_mdlm_no_weights.load_DIT;class:MIC_regressor;function:MIC_regressor.__init__;function:MIC_regressor.load_genome_test_embedding;function:MIC_regressor.load_pretrained_weight;function:MIC_regressor.forward;function:get_mic;function:has_only_allowed_atoms;function:is_peptide_simple,Bio;PIL;aa_seq_to_smiles;argparse;ast;collections;guaidance_regressor_all_data;hydra;itertools;json;logging;matplotlib.pyplot;matplotlib.ticker;models;noise_schedule;numpy;pandas;pathlib;rdkit;rdkit.Chem;rdkit.Chem.Draw;scipy.stats;selfies;shutil;sklearn.cluster;sklearn.metrics;sklearn.model_selection;smiles_to_peptide;sympy.codegen.ast;torch;torch.nn;torch.nn.functional;torch.nn.utils.rnn;torch.optim;torch.utils.data;tqdm;transformers;triton.language,aa_seq_to_smiles.py;guaidance_regressor_all_data.py;models/__init__.py;noise_schedule.py;smiles_to_peptide.py,ApexOracle-Core;ApexOracle-Generation,11,True,0,0,not_yet_linked_to_formal_paper,migrate_library_cli_plotting,apexoracle_mdlm.scoring + 参数化 CLI + frozen figure capsules,正式 checkpoint/input 上 prediction parity、输出表 parity、外部 caller audit 和所有论文图血缘冻结后才可移除。,verified_family_role_end_to_end_parity_pending
main.py,py,upstream_locally_modified,fc63a4e05e7e141057bc53fd78492f761e8edf73105faf36bbcfaacdf3b978dc,6550,203,upstream_modified,来自上游但被 ApexOracle 本地修改的 runtime/config，属于 mixed-origin 高风险文件。,True,function:_load_from_checkpoint;function:_print_config;function:_print_batch;function:generate_samples;function:_ppl_eval;function:_train;function:main,dataloader;diffusion;fsspec;hydra;lightning;omegaconf;os;rich.syntax;rich.tree;torch;utils,dataloader.py;diffusion.py;utils.py,,0,False,0,0,none_identified,hold_mixed_origin,拆分 upstream runtime 与 ApexOracle SELFIES/downstream profile（M2）,先逐项 characterise 本地 diff，并完成 clean/noisy/tokenization/runtime parity；不得整文件删除。,verified_by_git_blob_comparison
match_molecules.py,py,apexoracle_legacy_added,ca16f91df18d72675856732dff8c94241755e064a73b86beea1368619f9b856c,5728,157,chemistry_legacy,历史 peptide/SMILES/SELFIES 转换或 catalog matching helper。,True,function:canonicalize_smiles;function:process_chunk;function:main,glob;multiprocessing;os;pandas;rdkit;time;tqdm,,,0,False,0,0,none_identified,freeze_behavior_then_migrate_or_snapshot_only,PepLink==0.1.2 或小型兼容 adapter,先冻结历史 parser 行为、失败样例和结构映射 parity；确认无论文资产依赖后才可移除。,verified_family_role_behavior_parity_pending
models/__init__.py,py,upstream_unmodified,102e918e884462b4ea48d9cc1e23a751bc04dcb715463882accbdbe0b71bc0c2,87,5,upstream_runtime,上游 MDLM runtime、model、training/evaluation config 或 shell entrypoint。,False,,,,,0,False,0,0,none_identified,retain_upstream_until_adapter_parity,src/apexoracle_mdlm/models 下的 downstream inference adapter（M2 待完成）,不得作为本地杂乱代码删除；先保留 upstream attribution，并完成正式 checkpoint runtime parity。,verified_by_git_baseline
models/autoregressive.py,py,upstream_unmodified,eabc0b5e993e46e744b13d67f3df5eba17d4bdda2b106137285833d01e81a1ce,9575,359,upstream_runtime,上游 MDLM runtime、model、training/evaluation config 或 shell entrypoint。,False,function:bias_dropout_add_scale;function:get_bias_dropout_add_scale;function:get_bias_dropout_add_scale._bias_dropout_add;function:bias_dropout_add_scale_fused_train;function:bias_dropout_add_scale_fused_inference;class:Rotary;function:Rotary.__init__;function:Rotary.forward;function:rotate_half;function:apply_rotary_pos_emb;class:LayerNorm;function:LayerNorm.__init__;function:LayerNorm.forward;function:residual_linear;class:DDiTBlock;function:DDiTBlock.__init__;function:DDiTBlock._get_bias_dropout_scale;function:DDiTBlock.forward;class:EmbeddingLayer;function:EmbeddingLayer.__init__;function:EmbeddingLayer.forward;class:DDitFinalLayer;function:DDitFinalLayer.__init__;function:DDitFinalLayer.forward;class:DDIT;function:DDIT.__init__;function:DDIT._get_bias_dropout_scale;class:AR;function:AR.__init__;function:AR.forward,einops;flash_attn;flash_attn.layers.rotary;huggingface_hub;math;omegaconf;torch;torch.nn;torch.nn.functional;typing,,,0,False,0,0,none_identified,retain_upstream_until_adapter_parity,src/apexoracle_mdlm/models 下的 downstream inference adapter（M2 待完成）,不得作为本地杂乱代码删除；先保留 upstream attribution，并完成正式 checkpoint runtime parity。,verified_by_git_baseline
models/dimamba.py,py,upstream_unmodified,17f1b4e11e5dd63acebd441532f37de51e5822f2583ef7c41fdabbe0a6a34ccc,40401,1136,upstream_runtime,上游 MDLM runtime、model、training/evaluation config 或 shell entrypoint。,False,class:Mamba;function:Mamba.__init__;function:Mamba.forward;function:Mamba.step;function:Mamba.allocate_inference_cache;function:Mamba._get_states_from_cache;class:Block;function:Block.__init__;function:Block._get_bias_dropout_scale;function:Block.forward;function:Block.allocate_inference_cache;class:BiMambaConfig;function:BiMambaConfig.__init__;function:create_block;class:BiMambaWrapper;function:BiMambaWrapper.__init__;function:BiMambaWrapper.forward;class:BiMambaEmbeddings;function:BiMambaEmbeddings.__init__;function:BiMambaEmbeddings.forward;class:BiMambaMixerModel;function:BiMambaMixerModel.__init__;function:BiMambaMixerModel.pre_apply_temb;function:BiMambaMixerModel.forward;function:cross_entropy;function:weighted_cross_entropy;class:BiMambaPreTrainedModel;function:BiMambaPreTrainedModel._init_weights;class:BiMamba;function:BiMamba.__init__;function:BiMamba.forward;class:BiMambaForMaskedLM;function:BiMambaForMaskedLM.__init__;function:BiMambaForMaskedLM.init_weights;function:BiMambaForMaskedLM.post_init;function:BiMambaForMaskedLM.get_input_embeddings;function:BiMambaForMaskedLM.set_input_embeddings;function:BiMambaForMaskedLM.get_output_embeddings;function:BiMambaForMaskedLM.set_output_embeddings;function:BiMambaForMaskedLM.tie_weights;function:BiMambaForMaskedLM.get_decoder;function:BiMambaForMaskedLM.set_decoder;function:BiMambaForMaskedLM.forward;class:DiMamba;function:DiMamba.__init__;function:DiMamba._get_bias_dropout_scale;function:DiMamba.forward,causal_conv1d;einops;functools;huggingface_hub;mamba_ssm.ops.selective_scan_interface;mamba_ssm.ops.triton.layernorm;mamba_ssm.ops.triton.selective_state_update;math;models.dit;numpy;omegaconf;torch;torch.nn;torch.nn.functional;transformers;transformers.modeling_outputs;typing,models/dit.py,,0,False,0,0,none_identified,retain_upstream_until_adapter_parity,src/apexoracle_mdlm/models 下的 downstream inference adapter（M2 待完成）,不得作为本地杂乱代码删除；先保留 upstream attribution，并完成正式 checkpoint runtime parity。,verified_by_git_baseline
models/dit.py,py,upstream_locally_modified,7eabdb3ec6b5f7cabaf5ad39b83e4cf1b8cbb13ba0821f6a7eb753f9ad38ad7f,16898,514,upstream_modified,来自上游但被 ApexOracle 本地修改的 runtime/config，属于 mixed-origin 高风险文件。,False,function:bias_dropout_add_scale;function:get_bias_dropout_add_scale;function:get_bias_dropout_add_scale._bias_dropout_add;function:modulate;function:bias_dropout_add_scale_fused_train;function:bias_dropout_add_scale_fused_inference;function:modulate_fused;class:Rotary;function:Rotary.__init__;function:Rotary.forward;function:rotate_half;function:apply_rotary_pos_emb;function:modulate;class:LayerNorm;function:LayerNorm.__init__;function:LayerNorm.forward;function:residual_linear;class:TimestepEmbedder;function:TimestepEmbedder.__init__;function:TimestepEmbedder.timestep_embedding;function:TimestepEmbedder.forward;class:LabelEmbedder;function:LabelEmbedder.__init__;function:LabelEmbedder.forward;class:DDiTBlock;function:DDiTBlock.__init__;function:DDiTBlock._get_bias_dropout_scale;function:DDiTBlock.forward;class:DDiTBlock_non_pad;function:DDiTBlock_non_pad.__init__;function:DDiTBlock_non_pad._get_bias_dropout_scale;function:DDiTBlock_non_pad.forward;class:EmbeddingLayer;function:EmbeddingLayer.__init__;function:EmbeddingLayer.forward;class:DDitFinalLayer;function:DDitFinalLayer.__init__;function:DDitFinalLayer.forward;class:DIT;function:DIT.__init__;function:DIT._get_bias_dropout_scale;function:DIT.forward;class:DIT_non_pad;function:DIT_non_pad.__init__;function:DIT_non_pad._get_bias_dropout_scale;function:DIT_non_pad.forward,einops;flash_attn;flash_attn.layers.rotary;huggingface_hub;math;omegaconf;torch;torch.nn;torch.nn.functional;typing,,,0,False,0,0,none_identified,hold_mixed_origin,拆分 upstream runtime 与 ApexOracle SELFIES/downstream profile（M2）,先逐项 characterise 本地 diff，并完成 clean/noisy/tokenization/runtime parity；不得整文件删除。,verified_by_git_blob_comparison
models/ema.py,py,upstream_unmodified,f1417e66a46b2c2144e3fd47bb5c91c819f8c55f6bd18c75b72a75dc36bafb60,3320,98,upstream_runtime,上游 MDLM runtime、model、training/evaluation config 或 shell entrypoint。,False,class:ExponentialMovingAverage;function:ExponentialMovingAverage.__init__;function:ExponentialMovingAverage.move_shadow_params_to_device;function:ExponentialMovingAverage.update;function:ExponentialMovingAverage.copy_to;function:ExponentialMovingAverage.store;function:ExponentialMovingAverage.restore;function:ExponentialMovingAverage.state_dict;function:ExponentialMovingAverage.load_state_dict,torch,,,0,False,0,0,none_identified,retain_upstream_until_adapter_parity,src/apexoracle_mdlm/models 下的 downstream inference adapter（M2 待完成）,不得作为本地杂乱代码删除；先保留 upstream attribution，并完成正式 checkpoint runtime parity。,verified_by_git_baseline
noise_schedule.py,py,upstream_unmodified,da16320cebbc727c03e8e45297593505fb41a597c7a5ef29eacd7043207a763c,4352,152,upstream_runtime,上游 MDLM runtime、model、training/evaluation config 或 shell entrypoint。,False,function:get_noise;function:binary_discretization;class:Noise;function:Noise.forward;function:Noise.rate_noise;function:Noise.total_noise;class:CosineNoise;function:CosineNoise.__init__;function:CosineNoise.rate_noise;function:CosineNoise.total_noise;class:CosineSqrNoise;function:CosineSqrNoise.__init__;function:CosineSqrNoise.rate_noise;function:CosineSqrNoise.total_noise;class:Linear;function:Linear.__init__;function:Linear.rate_noise;function:Linear.total_noise;function:Linear.importance_sampling_transformation;class:GeometricNoise;function:GeometricNoise.__init__;function:GeometricNoise.rate_noise;function:GeometricNoise.total_noise;class:LogLinearNoise;function:LogLinearNoise.__init__;function:LogLinearNoise.rate_noise;function:LogLinearNoise.total_noise;function:LogLinearNoise.importance_sampling_transformation,abc;torch;torch.nn,,,0,False,0,0,none_identified,retain_upstream_until_adapter_parity,src/apexoracle_mdlm/models 下的 downstream inference adapter（M2 待完成）,不得作为本地杂乱代码删除；先保留 upstream attribution，并完成正式 checkpoint runtime parity。,verified_by_git_baseline
p_value_reference.py,py,apexoracle_legacy_added,e94f348800cbdb9e110462c391f25755622f0dcfd5d6f97876037894dec02314,8959,316,debug_case_study,debug、临时分析、milk/camel/case-study 或一次性统计/绘图代码。,True,function:load_log10_values;function:draw_significance;function:median_value;function:draw_day;function:style_axes;function:draw_separator;function:add_legend;function:parse_args;function:main,argparse;csv;math;matplotlib.patches;matplotlib.pyplot;os;pathlib,,,0,True,0,0,not_yet_linked_to_formal_paper,migrate_unique_behavior_else_snapshot_only,必要内容迁入 examples/reproduce；其余由 legacy tag 恢复,先核对论文图表、reviewer 产物、外部调用和独有算法；只有四项均为否或已有 replacement 才可移除。,static_classification_manual_review_pending
reproducibility/candidate_mic_migration_parity.json,json,post_snapshot_canonical,3d6f077c764be401ac3b1a0847ef3a345f988ef743a7e2b8b901c9487c2563c2,2338,57,canonical_refactor,2026-08-09 snapshot 后新增的 canonical package、test、audit 或 machine-readable contract。,False,,,,ApexOracle-Core;ApexOracle-Generation,0,False,0,0,none_identified,retain_canonical,self,非 legacy 删除对象；只能由正常 API deprecation/replacement 流程变更。,verified_by_git_snapshot_boundary
reproducibility/code_lineage_summary.json,json,post_snapshot_canonical,f2d06a51a40dcf6e6e015604f17f256f32075794762dadf206fcef5108a68e39,1223,36,canonical_refactor,2026-08-09 snapshot 后新增的 canonical package、test、audit 或 machine-readable contract。,False,,,,,0,False,0,0,none_identified,retain_canonical,self,非 legacy 删除对象；只能由正常 API deprecation/replacement 流程变更。,verified_by_git_snapshot_boundary
reproducibility/cross_repo_contracts.json,json,post_snapshot_canonical,7dc59eaaa70f163c9a7a9ae151422fc669bcea7ab4dcb1c4af282f71aadb1a88,5397,163,canonical_refactor,2026-08-09 snapshot 后新增的 canonical package、test、audit 或 machine-readable contract。,False,,,,,0,False,0,0,none_identified,retain_canonical,self,非 legacy 删除对象；只能由正常 API deprecation/replacement 流程变更。,verified_by_git_snapshot_boundary
reproducibility/historical_peptide_screen_case.json,json,post_snapshot_canonical,b85bb0c959ad9c78394490afd0a8b656d63d52c5ac3d7de7042a478e0dbb880f,6725,228,canonical_refactor,2026-08-09 snapshot 后新增的 canonical package、test、audit 或 machine-readable contract。,False,,,,,0,False,0,0,none_identified,retain_canonical,self,非 legacy 删除对象；只能由正常 API deprecation/replacement 流程变更。,verified_by_git_snapshot_boundary
reproducibility/migration_inventory.yaml,yaml,post_snapshot_canonical,26d0a856732caf06073adbc73f88ba6f0a049f1ca86e33cceef8de1e632192c4,2366,70,canonical_refactor,2026-08-09 snapshot 后新增的 canonical package、test、audit 或 machine-readable contract。,False,,,,ApexOracle-Core;PepLink==0.1.2,0,False,0,0,none_identified,retain_canonical,self,非 legacy 删除对象；只能由正常 API deprecation/replacement 流程变更。,verified_by_git_snapshot_boundary
reproducibility/paper_figure_lineage.json,json,post_snapshot_canonical,2fdd9dc6a8191635f0304544a293c7e50429fd4589f7265bf7c0db8728dea077,9348,198,canonical_refactor,2026-08-09 snapshot 后新增的 canonical package、test、audit 或 machine-readable contract。,False,,,,ApexOracle-Core;ApexOracle-Generation,0,False,0,0,none_identified,retain_canonical,self,非 legacy 删除对象；只能由正常 API deprecation/replacement 流程变更。,verified_by_git_snapshot_boundary
reproducibility/peptide_candidate_screen_parity.json,json,post_snapshot_canonical,b9932dc7297674d9957d7b25cbfe7dbed83f8358b3a48aa1f95fae0fabb0d563,3183,85,canonical_refactor,2026-08-09 snapshot 后新增的 canonical package、test、audit 或 machine-readable contract。,False,,,,ApexOracle-Core,0,False,0,0,none_identified,retain_canonical,self,非 legacy 删除对象；只能由正常 API deprecation/replacement 流程变更。,verified_by_git_snapshot_boundary
reproducibility/peptide_table_migration_parity.json,json,post_snapshot_canonical,f9c352b8bfd42b2dda2e9124030e5fe43bd4cb6d5f694f94377c6776010c4c7f,3843,93,canonical_refactor,2026-08-09 snapshot 后新增的 canonical package、test、audit 或 machine-readable contract。,False,,,,ApexOracle-Core,0,False,0,0,none_identified,retain_canonical,self,非 legacy 删除对象；只能由正常 API deprecation/replacement 流程变更。,verified_by_git_snapshot_boundary
reproducibility/small_molecule_screen_lineage.json,json,post_snapshot_canonical,36b954a502a13a18391a709d6ced9e95fe88fb151d93b917770f1a47e3f4a30d,2288,71,canonical_refactor,2026-08-09 snapshot 后新增的 canonical package、test、audit 或 machine-readable contract。,False,,,,,0,False,0,0,none_identified,retain_canonical,self,非 legacy 删除对象；只能由正常 API deprecation/replacement 流程变更。,verified_by_git_snapshot_boundary
reproducibility/small_molecule_screen_scorer_parity.json,json,post_snapshot_canonical,ada5cc022566aabaaa9d601abc944261a26597c4d88f6c833618b6bf3a682185,1716,44,canonical_refactor,2026-08-09 snapshot 后新增的 canonical package、test、audit 或 machine-readable contract。,False,,,,ApexOracle-Core,0,False,0,0,none_identified,retain_canonical,self,非 legacy 删除对象；只能由正常 API deprecation/replacement 流程变更。,verified_by_git_snapshot_boundary
requirements.yaml,yaml,upstream_locally_modified,d697a5c1421aa5a84b07010a98a2d4089a7a25d3d3d67214283f536df2cadf94,673,34,upstream_modified,来自上游但被 ApexOracle 本地修改的 runtime/config，属于 mixed-origin 高风险文件。,False,,,,,0,False,0,0,none_identified,hold_mixed_origin,拆分 upstream runtime 与 ApexOracle SELFIES/downstream profile（M2）,先逐项 characterise 本地 diff，并完成 clean/noisy/tokenization/runtime parity；不得整文件删除。,verified_by_git_blob_comparison
save_DBAASP_id_emb_dict.py,py,apexoracle_legacy_added,4b972993e7f681b0f38f7012170647034d81c8302fd8ef041b14a992c2ea3caf,9820,225,molecule_embedding,DLM/MDLM molecule embedding、tokenization、pooling 或 embedding dictionary producer。,True,class:mol_emb_mdlm;function:mol_emb_mdlm.__init__;function:mol_emb_mdlm._process_sigma;function:mol_emb_mdlm._sample_t;function:mol_emb_mdlm._forward;function:mol_emb_mdlm.q_xt;function:mol_emb_mdlm.forward;function:mol_emb_mdlm.load_DIT,Bio;argparse;ast;collections;hydra;itertools;json;logging;models;noise_schedule;numpy;pandas;pathlib;scipy.stats;sklearn.cluster;sklearn.metrics;sklearn.model_selection;torch;torch.nn;torch.nn.functional;torch.nn.utils.rnn;torch.optim;torch.utils.data;tqdm;transformers;triton.language,models/__init__.py;noise_schedule.py,ApexOracle-Core,2,False,0,0,none_identified,migrate_then_remove_legacy_copy,apexoracle_mdlm.embeddings + M2 参数化 embedding CLI,固定 SELFIES hidden-state/pooling/output-manifest parity 通过，且所有数据 adapter 已登记后才可移除。,verified_by_source_static_audit
save_inhouse_synergy_mol_id_emb_dict.py,py,apexoracle_legacy_added,4f5a7206b0f47938ffc03c81e3610ba8b13ba62484533608ef7db02fa30accd1,11610,259,molecule_embedding,DLM/MDLM molecule embedding、tokenization、pooling 或 embedding dictionary producer。,True,class:mol_emb_mdlm;function:mol_emb_mdlm.__init__;function:mol_emb_mdlm._process_sigma;function:mol_emb_mdlm._sample_t;function:mol_emb_mdlm._forward;function:mol_emb_mdlm.q_xt;function:mol_emb_mdlm.forward;function:mol_emb_mdlm.load_DIT,Bio;argparse;collections;hydra;itertools;json;logging;models;noise_schedule;numpy;pandas;pathlib;scipy.stats;selfies;sklearn.cluster;sklearn.metrics;sklearn.model_selection;torch;torch.nn;torch.nn.functional;torch.nn.utils.rnn;torch.optim;torch.utils.data;tqdm;transformers;triton.language,models/__init__.py;noise_schedule.py,ApexOracle-Core,2,False,0,0,none_identified,migrate_then_remove_legacy_copy,apexoracle_mdlm.embeddings + M2 参数化 embedding CLI,固定 SELFIES hidden-state/pooling/output-manifest parity 通过，且所有数据 adapter 已登记后才可移除。,verified_by_source_static_audit
save_synergy_mol_id_emb_dict.py,py,apexoracle_legacy_added,102bc902bf78391831aaa26ae305b7b10460f5613b7e2e28d5b3d92e87ec106e,11474,259,molecule_embedding,DLM/MDLM molecule embedding、tokenization、pooling 或 embedding dictionary producer。,True,class:mol_emb_mdlm;function:mol_emb_mdlm.__init__;function:mol_emb_mdlm._process_sigma;function:mol_emb_mdlm._sample_t;function:mol_emb_mdlm._forward;function:mol_emb_mdlm.q_xt;function:mol_emb_mdlm.forward;function:mol_emb_mdlm.load_DIT,Bio;argparse;collections;hydra;itertools;json;logging;models;noise_schedule;numpy;pandas;pathlib;scipy.stats;selfies;sklearn.cluster;sklearn.metrics;sklearn.model_selection;torch;torch.nn;torch.nn.functional;torch.nn.utils.rnn;torch.optim;torch.utils.data;tqdm;transformers;triton.language,models/__init__.py;noise_schedule.py,ApexOracle-Core,3,False,0,0,none_identified,migrate_then_remove_legacy_copy,apexoracle_mdlm.embeddings + M2 参数化 embedding CLI,固定 SELFIES hidden-state/pooling/output-manifest parity 通过，且所有数据 adapter 已登记后才可移除。,verified_by_source_static_audit
scripts/audit/build_code_lineage_ledger.py,py,post_snapshot_canonical,e16ba450d5f243526c4c12a51fccf082ef4363cbd629d49a0a7308700ee6cda7,24368,588,canonical_refactor,2026-08-09 snapshot 后新增的 canonical package、test、audit 或 machine-readable contract。,True,function:parse_args;function:git;function:paths_at_ref;function:blob;function:tracked_scope;function:origin_class;function:family_for;function:parse_notebook;function:source_text;function:parse_tree;function:import_names;function:definitions;class:definitions.DefinitionVisitor;function:definitions.DefinitionVisitor.__init__;function:definitions.DefinitionVisitor.visit_definition;function:definitions.DefinitionVisitor.visit_ClassDef;function:definitions.DefinitionVisitor.visit_FunctionDef;function:definitions.DefinitionVisitor.visit_AsyncFunctionDef;function:module_candidates;function:external_repositories;function:write_or_check;function:csv_text;function:main,__future__;argparse;ast;collections;csv;hashlib;io;json;pathlib;re;subprocess;typing;warnings,,ApexOracle-Core;ApexOracle-Evo2;ApexOracle-Generation;PepLink==0.1.2,0,False,0,0,none_identified,retain_canonical,self,非 legacy 删除对象；只能由正常 API deprecation/replacement 流程变更。,verified_by_git_snapshot_boundary
scripts/audit/compare_legacy_candidate_mic.py,py,post_snapshot_canonical,46d1fd363f846242625bfbdd9cf1fec7e4b2b1fa95b0584cb0cab9c7bba2f5c2,8830,242,canonical_refactor,2026-08-09 snapshot 后新增的 canonical package、test、audit 或 machine-readable contract。,True,function:parse_args;function:load_legacy_module;function:token_ids;function:compare;function:main,__future__;apexoracle_mdlm.scoring;argparse;importlib.util;json;pathlib;subprocess;sys;tempfile;torch;transformers,,,0,False,0,0,none_identified,retain_canonical,self,非 legacy 删除对象；只能由正常 API deprecation/replacement 流程变更。,verified_by_git_snapshot_boundary
scripts/audit/compare_legacy_peptide_table_mic.py,py,post_snapshot_canonical,32a1417efab6b4f10acdc4c0a2387716005e29048c66145c8624473d2c487eab,10151,272,canonical_refactor,2026-08-09 snapshot 后新增的 canonical package、test、audit 或 machine-readable contract。,True,function:sha256;function:parse_args;function:load_module;function:selected_rows;function:compare;function:main,__future__;apexoracle_mdlm.scoring;argparse;hashlib;importlib.util;json;numpy;pandas;pandas.testing;pathlib;subprocess;sys;tempfile;torch;transformers,,,0,False,0,0,none_identified,retain_canonical,self,非 legacy 删除对象；只能由正常 API deprecation/replacement 流程变更。,verified_by_git_snapshot_boundary
scripts/audit/cross_repo_contracts.py,py,post_snapshot_canonical,7e0a659679f1f8f529fc45603acb9730ad07f4d79a64cbb364af0b2dbbcff8da,12117,323,canonical_refactor,2026-08-09 snapshot 后新增的 canonical package、test、audit 或 machine-readable contract。,True,function:parse_args;function:class_node;function:normalized_class_digest;function:assigned_self_attributes;function:check_formal_assets;function:check_formal_assets.load;function:check_gpu_head_parity;function:main,__future__;apexoracle_mdlm.checkpoints;apexoracle_mdlm.models;argparse;ast;hashlib;importlib.util;json;pathlib;torch;typing,,,0,False,0,0,none_identified,retain_canonical,self,非 legacy 删除对象；只能由正常 API deprecation/replacement 流程变更。,verified_by_git_snapshot_boundary
scripts/audit/verify_historical_peptide_screen_case.py,py,post_snapshot_canonical,fac150fae502387858ad290cf702687db8d4fefa2c5c0367fec0e56dc61136ff,9364,239,canonical_refactor,2026-08-09 snapshot 后新增的 canonical package、test、audit 或 machine-readable contract。,True,function:sha256;function:tree_manifest;function:load_module;function:parse_args;function:verify;function:main,PIL;__future__;apexoracle_mdlm.chemistry;apexoracle_mdlm.figures;argparse;hashlib;importlib.util;json;numpy;pathlib;re;selfies;subprocess;tempfile,,,0,False,0,0,none_identified,retain_canonical,self,非 legacy 删除对象；只能由正常 API deprecation/replacement 流程变更。,verified_by_git_snapshot_boundary
scripts/audit/verify_paper_figure_lineage.py,py,post_snapshot_canonical,25fa989603e63310d8302d222d2dc995b6b8a74e77463d7d5f0f6d821f3dee8a,12513,318,canonical_refactor,2026-08-09 snapshot 后新增的 canonical package、test、audit 或 machine-readable contract。,True,function:parse_args;function:sha256;function:git_blob;function:resolve_asset;function:assert_close;function:main,PIL;__future__;apexoracle_mdlm.figures;argparse;csv;hashlib;json;numpy;pathlib;scipy.stats;subprocess;tempfile;torch;typing,,ApexOracle-Generation,0,False,0,0,none_identified,retain_canonical,self,非 legacy 删除对象；只能由正常 API deprecation/replacement 流程变更。,verified_by_git_snapshot_boundary
scripts/audit/verify_small_molecule_screen_lineage.py,py,post_snapshot_canonical,f864e39680cb0b7d69859adab5996cb6bde594a77419a87ea08be89c5515d4e9,4986,133,canonical_refactor,2026-08-09 snapshot 后新增的 canonical package、test、audit 或 machine-readable contract。,True,function:sha256;function:parse_mapping;function:parse_args;function:verify;function:main,__future__;apexoracle_mdlm.scoring;argparse;csv;hashlib;json;math;pathlib;selfies,,,0,False,0,0,none_identified,retain_canonical,self,非 legacy 删除对象；只能由正常 API deprecation/replacement 流程变更。,verified_by_git_snapshot_boundary
scripts/eval_owt_T_mdlm.sh,sh,upstream_unmodified,a7e4b8e47338a309a153b4c2092977eb7e116167e3198d926d7af6e547c316dd,1298,33,upstream_runtime,上游 MDLM runtime、model、training/evaluation config 或 shell entrypoint。,False,,,,,0,False,0,0,none_identified,retain_upstream_until_adapter_parity,src/apexoracle_mdlm/models 下的 downstream inference adapter（M2 待完成）,不得作为本地杂乱代码删除；先保留 upstream attribution，并完成正式 checkpoint runtime parity。,verified_by_git_baseline
scripts/eval_owt_ar.sh,sh,upstream_unmodified,c4d330a3584c93798aa968e80d8769bf7a32c31b9f34cf8feef6d3790dc14a1f,1205,29,upstream_runtime,上游 MDLM runtime、model、training/evaluation config 或 shell entrypoint。,False,,,,,0,False,0,0,none_identified,retain_upstream_until_adapter_parity,src/apexoracle_mdlm/models 下的 downstream inference adapter（M2 待完成）,不得作为本地杂乱代码删除；先保留 upstream attribution，并完成正式 checkpoint runtime parity。,verified_by_git_baseline
scripts/eval_owt_sedd.sh,sh,upstream_unmodified,0f663dd0f09c78ce9f18ec22dfde88e1fdca109d4b507e5922135fffb9193d50,1231,30,upstream_runtime,上游 MDLM runtime、model、training/evaluation config 或 shell entrypoint。,False,,,,,0,False,0,0,none_identified,retain_upstream_until_adapter_parity,src/apexoracle_mdlm/models 下的 downstream inference adapter（M2 待完成）,不得作为本地杂乱代码删除；先保留 upstream attribution，并完成正式 checkpoint runtime parity。,verified_by_git_baseline
scripts/reproduce/plot_paper_fig3a.py,py,post_snapshot_canonical,4d66eeb61bab86fce9f5324b994ff77933c8013db9d0bf80781b27e76f2482ce,2164,74,canonical_refactor,2026-08-09 snapshot 后新增的 canonical package、test、audit 或 machine-readable contract。,True,function:sha256;function:parse_args;function:main,__future__;apexoracle_mdlm.figures;argparse;hashlib;json;pathlib,,,0,False,0,0,none_identified,retain_canonical,self,非 legacy 删除对象；只能由正常 API deprecation/replacement 流程变更。,verified_by_git_snapshot_boundary
scripts/reproduce/score_generated_molecule_mic.py,py,post_snapshot_canonical,6dba1509008a7c7122a1b3fa1295d8072f3efe0d3f2c5c512f73a921ef96783c,5152,149,canonical_refactor,2026-08-09 snapshot 后新增的 canonical package、test、audit 或 machine-readable contract。,True,function:sha256;function:parse_args;function:main,__future__;apexoracle_mdlm.scoring;argparse;csv;hashlib;hydra;json;pathlib;torch;transformers,,,0,False,0,0,none_identified,retain_canonical,self,非 legacy 删除对象；只能由正常 API deprecation/replacement 流程变更。,verified_by_git_snapshot_boundary
scripts/reproduce/score_peptide_table_mic.py,py,post_snapshot_canonical,33128e4090cc12f62cfbca7b75f3f5f5f27466f841a42e7ce1a02946e6444c3a,6432,171,canonical_refactor,2026-08-09 snapshot 后新增的 canonical package、test、audit 或 machine-readable contract。,True,function:sha256;function:parse_args;function:main,__future__;apexoracle_mdlm.figures;apexoracle_mdlm.scoring;argparse;hashlib;hydra;json;matplotlib.pyplot;pathlib;torch;transformers,,,0,True,0,0,not_yet_linked_to_formal_paper,retain_canonical,self,非 legacy 删除对象；只能由正常 API deprecation/replacement 流程变更。,verified_by_git_snapshot_boundary
scripts/reproduce/score_small_molecule_screen.py,py,post_snapshot_canonical,ebfa8a25396494ee291380e79efb16a8d588d59db25956b0ae88047b8b0caedc,5865,159,canonical_refactor,2026-08-09 snapshot 后新增的 canonical package、test、audit 或 machine-readable contract。,True,function:sha256;function:parse_args;function:main,__future__;apexoracle_mdlm.figures;apexoracle_mdlm.scoring;argparse;csv;hashlib;hydra;json;pathlib;torch;transformers,,,0,False,0,0,none_identified,retain_canonical,self,非 legacy 删除对象；只能由正常 API deprecation/replacement 流程变更。,verified_by_git_snapshot_boundary
scripts/reproduce/screen_peptide_candidates.py,py,post_snapshot_canonical,0a2c1463fe50aeca59aead6420c74db0ff755d8632d872914984600dd9fab03f,8891,237,canonical_refactor,2026-08-09 snapshot 后新增的 canonical package、test、audit 或 machine-readable contract。,True,function:sha256;function:directory_manifest;function:parse_args;function:main,__future__;apexoracle_mdlm.figures;apexoracle_mdlm.scoring;argparse;csv;hashlib;hydra;json;pathlib;torch;transformers,,,0,False,0,0,none_identified,retain_canonical,self,非 legacy 删除对象；只能由正常 API deprecation/replacement 流程变更。,verified_by_git_snapshot_boundary
scripts/train_lm1b_ar.sh,sh,upstream_unmodified,8b50988459c3df3290d925d48a99bd0f62c16112f25abbd295b293e482f3e0cc,1176,29,upstream_runtime,上游 MDLM runtime、model、training/evaluation config 或 shell entrypoint。,False,,,,,0,False,0,0,none_identified,retain_upstream_until_adapter_parity,src/apexoracle_mdlm/models 下的 downstream inference adapter（M2 待完成）,不得作为本地杂乱代码删除；先保留 upstream attribution，并完成正式 checkpoint runtime parity。,verified_by_git_baseline
scripts/train_lm1b_d3pm.sh,sh,upstream_unmodified,d499188b3bb6a709e97873ca100b9b5fb3341eba8bddd3e71e7834ba6693dd71,1200,30,upstream_runtime,上游 MDLM runtime、model、training/evaluation config 或 shell entrypoint。,False,,,,,0,False,0,0,none_identified,retain_upstream_until_adapter_parity,src/apexoracle_mdlm/models 下的 downstream inference adapter（M2 待完成）,不得作为本地杂乱代码删除；先保留 upstream attribution，并完成正式 checkpoint runtime parity。,verified_by_git_baseline
scripts/train_owt_mdlm.sh,sh,upstream_unmodified,1d5694565b644d48dae529087c86ea6270ff9dad14bf7892d8fb9bed0e711134,1147,27,upstream_runtime,上游 MDLM runtime、model、training/evaluation config 或 shell entrypoint。,False,,,,,0,False,0,0,none_identified,retain_upstream_until_adapter_parity,src/apexoracle_mdlm/models 下的 downstream inference adapter（M2 待完成）,不得作为本地杂乱代码删除；先保留 upstream attribution，并完成正式 checkpoint runtime parity。,verified_by_git_baseline
scripts/train_owt_sedd.sh,sh,upstream_unmodified,a911a93662906766674f9a18562f7ac5944429472ce8da150f325f95174e155f,1206,29,upstream_runtime,上游 MDLM runtime、model、training/evaluation config 或 shell entrypoint。,False,,,,,0,False,0,0,none_identified,retain_upstream_until_adapter_parity,src/apexoracle_mdlm/models 下的 downstream inference adapter（M2 待完成）,不得作为本地杂乱代码删除；先保留 upstream attribution，并完成正式 checkpoint runtime parity。,verified_by_git_baseline
show.ipynb,ipynb,apexoracle_legacy_added,4377869d824ad79ce4eb30d6d6ecacc8ae87f57111330c075b7c3ec88ee38e91,599782,1253,debug_case_study,debug、临时分析、milk/camel/case-study 或一次性统计/绘图代码。,False,class:mol_emb_mdlm;function:mol_emb_mdlm.__init__;function:mol_emb_mdlm._process_sigma;function:mol_emb_mdlm._sample_t;function:mol_emb_mdlm._forward;function:mol_emb_mdlm.forward;function:mol_emb_mdlm.load_DIT;class:mol_emb_mdlm_no_weights;function:mol_emb_mdlm_no_weights.__init__;function:mol_emb_mdlm_no_weights.load_DIT;class:MIC_regressor;function:MIC_regressor.__init__;function:MIC_regressor.load_genome_test_embedding;function:MIC_regressor.load_pretrained_weight;function:MIC_regressor.forward;function:get_mic;function:score_to_hex;function:score_to_hex;function:score_to_hex;function:score_to_hex;function:score_to_hex;function:score_to_hex;function:score_to_hex,Bio;IPython.core.display;argparse;ast;collections;guaidance_regressor_all_data;hydra;itertools;json;logging;matplotlib;matplotlib.collections;matplotlib.colors;matplotlib.pyplot;matplotlib.ticker;models;noise_schedule;numpy;pandas;pathlib;scipy.stats;seaborn;selfies;sklearn.cluster;sklearn.metrics;sklearn.model_selection;torch;torch.nn;torch.nn.functional;torch.nn.utils.rnn;torch.optim;torch.utils.data;tqdm;transformers;triton.language,guaidance_regressor_all_data.py;models/__init__.py;noise_schedule.py,ApexOracle-Core;ApexOracle-Generation,38,True,43,8,not_yet_linked_to_formal_paper,migrate_unique_behavior_else_snapshot_only,必要内容迁入 examples/reproduce；其余由 legacy tag 恢复,先核对论文图表、reviewer 产物、外部调用和独有算法；只有四项均为否或已有 replacement 才可移除。,static_classification_manual_review_pending
show_interpretability.ipynb,ipynb,apexoracle_legacy_added,d06a64e2d1a680f923ee4dfdb4aaf284bc1683d29063441b5e0a7fa5fef18a50,1256134,2546,interpretability,attention extraction/visualization 或 interpretability notebook。,False,class:mol_emb_mdlm;function:mol_emb_mdlm.__init__;function:mol_emb_mdlm._process_sigma;function:mol_emb_mdlm._sample_t;function:mol_emb_mdlm._forward;function:mol_emb_mdlm.forward;function:mol_emb_mdlm.load_DIT;class:mol_emb_mdlm_no_weights;function:mol_emb_mdlm_no_weights.__init__;function:mol_emb_mdlm_no_weights.load_DIT;class:MIC_regressor;function:MIC_regressor.__init__;function:MIC_regressor.load_genome_test_embedding;function:MIC_regressor.load_pretrained_weight;function:MIC_regressor.forward;function:get_mic;function:score_to_hex;function:score_to_hex;function:score_to_hex;function:score_to_hex;function:score_to_hex;function:score_to_hex;function:score_to_hex;function:score_to_hex;function:score_to_hex;function:score_to_hex;function:score_to_hex;function:score_to_hex;function:score_to_hex;function:score_to_hex,Bio;IPython.core.display;argparse;ast;collections;guaidance_regressor_all_data;hydra;itertools;json;logging;matplotlib;matplotlib.collections;matplotlib.colors;matplotlib.pyplot;matplotlib.ticker;models;noise_schedule;numpy;pandas;pathlib;scipy.stats;seaborn;selfies;sklearn.cluster;sklearn.metrics;sklearn.model_selection;torch;torch.nn;torch.nn.functional;torch.nn.utils.rnn;torch.optim;torch.utils.data;tqdm;transformers;triton.language,guaidance_regressor_all_data.py;models/__init__.py;noise_schedule.py,ApexOracle-Core;ApexOracle-Generation,80,True,95,15,not_yet_linked_to_formal_paper,migrate_unique_behavior_then_remove_original,可复现 interpretability example/figure capsule 或 snapshot-only,逐图核对论文/补充材料 consumer，导出 exact plotted data，并由作者确认保留角色后才可移除。,verified_plotting_role_exact_consumers_pending
smiles_to_peptide.py,py,apexoracle_legacy_added,c46aa6ad18c74fa829c4c89a9251da22ae7494f2eaac38c5f8b0c037156eee49,727,26,chemistry_legacy,历史 peptide/SMILES/SELFIES 转换或 catalog matching helper。,False,function:smiles_to_pepseq,__future__;apexoracle_mdlm.chemistry;pathlib;sys,,,0,False,0,0,compatibility_bridge_for_canonical_peptide_parser,remove_bridge_after_legacy_caller_migration,apexoracle_mdlm.chemistry.smiles_to_peptide_sequence,"原 349 行 parser 已迁入 canonical chemistry package 并在 1,081 个历史 rows 上 parity；judge_mol_mic_with_fig.py 与 judge_smi2pep2smi_mol_mic_with_fig.py 改用 package 后移除薄桥。",verified_canonical_migration_and_historical_parity
src/apexoracle_mdlm/__init__.py,py,post_snapshot_canonical,ccfb18b33e19149e42e532a94ee31ef4739f8c3ea40cece4b3d044355d3357c3,72,4,canonical_refactor,2026-08-09 snapshot 后新增的 canonical package、test、audit 或 machine-readable contract。,False,,,,,0,False,0,0,none_identified,retain_canonical,self,非 legacy 删除对象；只能由正常 API deprecation/replacement 流程变更。,verified_by_git_snapshot_boundary
src/apexoracle_mdlm/checkpoints/__init__.py,py,post_snapshot_canonical,b5ee159b8d82af99d95214dee511471d4bc98283e22d12c53f868308385bef35,543,18,canonical_refactor,2026-08-09 snapshot 后新增的 canonical package、test、audit 或 machine-readable contract。,False,,io;schemas,,,0,False,0,0,none_identified,retain_canonical,self,非 legacy 删除对象；只能由正常 API deprecation/replacement 流程变更。,verified_by_git_snapshot_boundary
src/apexoracle_mdlm/checkpoints/io.py,py,post_snapshot_canonical,a7619be7a1846d2987cfe340e9c2af0706a2df876fc1ca8a2ded7d4356bd55e0,2534,81,canonical_refactor,2026-08-09 snapshot 后新增的 canonical package、test、audit 或 machine-readable contract。,False,function:load_torch_file;function:extract_state_dict;function:strip_state_dict_prefix,__future__;collections;os;torch;typing,,,0,False,0,0,none_identified,retain_canonical,self,非 legacy 删除对象；只能由正常 API deprecation/replacement 流程变更。,verified_by_git_snapshot_boundary
src/apexoracle_mdlm/checkpoints/schemas.py,py,post_snapshot_canonical,d9c46155678865d67d6a8a3f5f222230b874d2a7755d273ba20524b7884573f7,6361,187,canonical_refactor,2026-08-09 snapshot 后新增的 canonical package、test、audit 或 machine-readable contract。,False,function:_attention_shapes;function:_require_mapping;function:_validate_shapes;function:validate_generation_dlm_checkpoint;function:validate_generation_mic_guidance_checkpoint;function:validate_generation_peptide_classifier_checkpoint,__future__;torch;typing,,,0,False,0,0,none_identified,retain_canonical,self,非 legacy 删除对象；只能由正常 API deprecation/replacement 流程变更。,verified_by_git_snapshot_boundary
src/apexoracle_mdlm/chemistry/__init__.py,py,post_snapshot_canonical,73c19ea4a24660a63bd0fc1bb66a3accfe4a1bfe0ac9e3dcf347ba461e1c014d,168,6,canonical_refactor,2026-08-09 snapshot 后新增的 canonical package、test、audit 或 machine-readable contract。,False,,peptides,,,0,False,0,0,none_identified,retain_canonical,self,非 legacy 删除对象；只能由正常 API deprecation/replacement 流程变更。,verified_by_git_snapshot_boundary
src/apexoracle_mdlm/chemistry/peptides.py,py,post_snapshot_canonical,8886eca76945f0eb2ded719febc5c084af1fdad76ddb765f533dde468d29527d,7488,219,canonical_refactor,2026-08-09 snapshot 后新增的 canonical package、test、audit 或 machine-readable contract。,False,function:_flip_stereo;function:_make_nterm;function:_make_cterm;function:_make_d_patterns;function:_compile_patterns;function:_peptide_bonds;function:_find_ca_index;function:_ca_chirality;function:_fragment_to_amino_acid;function:smiles_to_peptide_sequence,__future__;rdkit;re;selfies;typing,,,0,False,0,0,none_identified,retain_canonical,self,非 legacy 删除对象；只能由正常 API deprecation/replacement 流程变更。,verified_by_git_snapshot_boundary
src/apexoracle_mdlm/embeddings/__init__.py,py,post_snapshot_canonical,3f03a4126e85f6e71a7ac49576a266c4331540c2c82ce9bc0ce3f5857e6e84b6,413,18,canonical_refactor,2026-08-09 snapshot 后新增的 canonical package、test、audit 或 machine-readable contract。,False,,io,,,0,False,0,0,none_identified,retain_canonical,self,非 legacy 删除对象；只能由正常 API deprecation/replacement 流程变更。,verified_by_git_snapshot_boundary
src/apexoracle_mdlm/embeddings/io.py,py,post_snapshot_canonical,bc8cf48ee214713132cbbe032989e90c83e3d6e9fbddd3c7895921ac6ff8142d,3556,114,canonical_refactor,2026-08-09 snapshot 后新增的 canonical package、test、audit 或 machine-readable contract。,False,function:_legacy_stem;function:embedding_key_from_atcc_filename;function:embedding_key_from_text_filename;function:load_embedding_directory;function:load_atcc_embeddings;function:load_text_embeddings,__future__;apexoracle_mdlm.checkpoints;os;pathlib;torch;typing,,,0,False,0,0,none_identified,retain_canonical,self,非 legacy 删除对象；只能由正常 API deprecation/replacement 流程变更。,verified_by_git_snapshot_boundary
src/apexoracle_mdlm/figures/__init__.py,py,post_snapshot_canonical,cb79d97f0bf0620a29d5c385cf93e72c56db03d6dc17435d9687d2919e6cf0d7,592,22,canonical_refactor,2026-08-09 snapshot 后新增的 canonical package、test、audit 或 machine-readable contract。,False,,candidate_molecule;generated_mic;mic_distribution,,,0,False,0,0,none_identified,retain_canonical,self,非 legacy 删除对象；只能由正常 API deprecation/replacement 流程变更。,verified_by_git_snapshot_boundary
src/apexoracle_mdlm/figures/candidate_molecule.py,py,post_snapshot_canonical,02e8d71f349e446d9d319ee00774ffbd445f0e2e426b5c17ab997abc75c69764,1573,49,canonical_refactor,2026-08-09 snapshot 后新增的 canonical package、test、audit 或 machine-readable contract。,False,function:render_annotated_candidate,PIL;__future__;pathlib;rdkit;rdkit.Chem;rdkit.Chem.Draw;typing,,,0,False,0,0,none_identified,retain_canonical,self,非 legacy 删除对象；只能由正常 API deprecation/replacement 流程变更。,verified_by_git_snapshot_boundary
src/apexoracle_mdlm/figures/generated_mic.py,py,post_snapshot_canonical,b9014baa771dceedc5e3fff61f75f4f8752a22239c23e5843d61820f05dd0282,12449,389,canonical_refactor,2026-08-09 snapshot 后新增的 canonical package、test、audit 或 machine-readable contract。,False,class:GeneratedMICRecord;class:GeneratedMICStatistics;function:GeneratedMICStatistics.to_dict;function:load_generated_mic_records;function:_group_values;function:_group_log2_values;function:summarize_generated_mic_records;function:format_p_value;function:_draw_significance;function:_add_p_value_annotation;function:_style_violin_body;function:_add_violin_outline;function:_violin_span_at_y;function:_add_distribution_summary;function:plot_generated_mic_distributions,__future__;collections;csv;dataclasses;math;matplotlib.colors;matplotlib.patches;matplotlib.pyplot;matplotlib.ticker;numpy;os;pathlib;scipy.stats;typing,,,0,True,0,0,not_yet_linked_to_formal_paper,retain_canonical,self,非 legacy 删除对象；只能由正常 API deprecation/replacement 流程变更。,verified_by_git_snapshot_boundary
src/apexoracle_mdlm/figures/mic_distribution.py,py,post_snapshot_canonical,fde0905540070c8c498fc0ef1e25537d241b54eb030267933b1b9be651aec2a8,1919,56,canonical_refactor,2026-08-09 snapshot 后新增的 canonical package、test、audit 或 machine-readable contract。,False,function:plot_mic_distribution,__future__;matplotlib.pyplot;matplotlib.ticker;numpy;typing,,,0,True,0,0,not_yet_linked_to_formal_paper,retain_canonical,self,非 legacy 删除对象；只能由正常 API deprecation/replacement 流程变更。,verified_by_git_snapshot_boundary
src/apexoracle_mdlm/models/__init__.py,py,post_snapshot_canonical,8d02a53bd0909e6e8f1c5bdf63073e7264c4c0c55993a940352d96d8dddad954,351,15,canonical_refactor,2026-08-09 snapshot 后新增的 canonical package、test、audit 或 machine-readable contract。,False,,dlm_encoder;heads,,,0,False,0,0,none_identified,retain_canonical,self,非 legacy 删除对象；只能由正常 API deprecation/replacement 流程变更。,verified_by_git_snapshot_boundary
src/apexoracle_mdlm/models/dlm_encoder.py,py,post_snapshot_canonical,1076becccb617f6416916c33a2c580746cc4ef0a2c3a049f1bf1603a654c3fdb,4970,144,canonical_refactor,2026-08-09 snapshot 后新增的 canonical package、test、audit 或 machine-readable contract。,False,class:DLMHiddenStateEncoder;function:DLMHiddenStateEncoder.__init__;function:DLMHiddenStateEncoder._process_sigma;function:DLMHiddenStateEncoder._sample_t;function:DLMHiddenStateEncoder._forward;function:DLMHiddenStateEncoder.forward;function:build_upstream_dlm_hidden_state_encoder,__future__;contextlib;importlib;os;pathlib;sys;torch;torch.nn;typing,,,0,False,0,0,none_identified,retain_canonical,self,非 legacy 删除对象；只能由正常 API deprecation/replacement 流程变更。,verified_by_git_snapshot_boundary
src/apexoracle_mdlm/models/heads.py,py,post_snapshot_canonical,0999344a46d6053dabe27bf91b1191493877bf29536998f05619237e5b4084f4,4219,113,canonical_refactor,2026-08-09 snapshot 后新增的 canonical package、test、audit 或 machine-readable contract。,False,class:RegressionHead;function:RegressionHead.__init__;function:RegressionHead.forward;class:FirstTokenCrossAttention;function:FirstTokenCrossAttention.__init__;function:FirstTokenCrossAttention._remove_sequence_axis;function:FirstTokenCrossAttention.forward,__future__;torch,,,0,False,0,0,none_identified,retain_canonical,self,非 legacy 删除对象；只能由正常 API deprecation/replacement 流程变更。,verified_by_git_snapshot_boundary
src/apexoracle_mdlm/scoring/__init__.py,py,post_snapshot_canonical,acdbd5c8874ce68c7bf1306d81e85ce6626ddd0c5184a361d565ca5bbbf3b826,1960,74,canonical_refactor,2026-08-09 snapshot 后新增的 canonical package、test、audit 或 machine-readable contract。,False,,generated_files;mic;peptide_candidates;peptide_table;small_molecule_screen,,,0,False,0,0,none_identified,retain_canonical,self,非 legacy 删除对象；只能由正常 API deprecation/replacement 流程变更。,verified_by_git_snapshot_boundary
src/apexoracle_mdlm/scoring/generated_files.py,py,post_snapshot_canonical,e85e2b7aa4ee4a59ec6b5f39f3c63d91f9a008d291c16c4b40d31df4dabb1779,2864,98,canonical_refactor,2026-08-09 snapshot 后新增的 canonical package、test、audit 或 machine-readable contract。,False,class:GeneratedMoleculeFile;function:parse_generated_molecule_filename;function:format_generated_molecule_filename;function:find_generated_molecule_file,__future__;dataclasses;os;pathlib;re;typing,,ApexOracle-Generation,0,False,0,0,none_identified,retain_canonical,self,非 legacy 删除对象；只能由正常 API deprecation/replacement 流程变更。,verified_by_git_snapshot_boundary
src/apexoracle_mdlm/scoring/mic.py,py,post_snapshot_canonical,25f7648e1d8929655eaad2c3f1d4355770d11b8618f25c76b621b5a33d1f560a,12092,353,canonical_refactor,2026-08-09 snapshot 后新增的 canonical package、test、audit 或 machine-readable contract。,False,class:Tokenizer;function:Tokenizer.__call__;class:ConditionEmbeddingBanks;function:load_condition_embedding_banks;class:CandidateMICRegressor;function:CandidateMICRegressor.__init__;function:CandidateMICRegressor.load_apexoracle_state;function:CandidateMICRegressor._conditions;function:CandidateMICRegressor.encode_molecules;function:CandidateMICRegressor.predict_from_cls_embedding;function:CandidateMICRegressor.forward;function:build_candidate_mic_regressor;function:load_candidate_mic_regressor;function:normalize_selfies_for_tokenizer;function:regression_logit_to_mic;function:score_selfies_strings;function:score_selfies_across_strains;function:read_selfies_file,__future__;apexoracle_mdlm.checkpoints;apexoracle_mdlm.embeddings;apexoracle_mdlm.models;contextlib;dataclasses;os;pathlib;torch;typing,,,0,False,0,0,none_identified,retain_canonical,self,非 legacy 删除对象；只能由正常 API deprecation/replacement 流程变更。,verified_by_git_snapshot_boundary
src/apexoracle_mdlm/scoring/peptide_candidates.py,py,post_snapshot_canonical,0632bb6afd55099f3aa127eb91c1a06193c51293c6ece67f645ed00bcbec481b,5258,158,canonical_refactor,2026-08-09 snapshot 后新增的 canonical package、test、audit 或 machine-readable contract。,False,class:PeptideCandidateResult;function:PeptideCandidateResult.as_row;function:qualify_peptide_candidates;function:qualification_summary,__future__;apexoracle_mdlm.chemistry;dataclasses;math;selfies;typing,,,0,False,0,0,none_identified,retain_canonical,self,非 legacy 删除对象；只能由正常 API deprecation/replacement 流程变更。,verified_by_git_snapshot_boundary
src/apexoracle_mdlm/scoring/peptide_table.py,py,post_snapshot_canonical,2fb90d5d77556c9e150059a8af1a63d19ab18c902437fdc780246b4c4ad8ab6c,5180,154,canonical_refactor,2026-08-09 snapshot 后新增的 canonical package、test、audit 或 machine-readable contract。,False,function:load_peptide_table;function:convert_peptides_to_structures;function:add_mic_predictions;function:conversion_summary,__future__;mic;numpy;os;pandas;pathlib;rdkit;selfies;typing,,,0,False,0,0,none_identified,retain_canonical,self,非 legacy 删除对象；只能由正常 API deprecation/replacement 流程变更。,verified_by_git_snapshot_boundary
src/apexoracle_mdlm/scoring/small_molecule_screen.py,py,post_snapshot_canonical,a1b06b55fde55e2f1c198265c0f83f914bcdd233929e34c6d7b936d10ed71e02,4632,141,canonical_refactor,2026-08-09 snapshot 后新增的 canonical package、test、audit 或 machine-readable contract。,False,class:StrainInput;class:StrainScreen;function:parse_strain_input;function:last_mic_by_selfies;function:score_small_molecule_inputs;function:decoded_wide_rows;function:load_strain_inputs,__future__;dataclasses;mic;pathlib;selfies;torch;typing,,,0,False,0,0,none_identified,retain_canonical,self,非 legacy 删除对象；只能由正常 API deprecation/replacement 流程变更。,verified_by_git_snapshot_boundary
synergy_Evo_train_new_reg_MDLM_one_base_model_all_data_classification.py,py,apexoracle_legacy_added,d05ec3a20c4accbb4fa5144c6721e42b1f2be754275f5c4d9abe72b9abf3b4d5,107048,1836,synergy_guidance,Evo-conditioned synergy guidance/all-data experimental trainer；不等于 Core 的论文 CV runner。,True,class:mol_emb_mdlm;function:mol_emb_mdlm.__init__;function:mol_emb_mdlm._process_sigma;function:mol_emb_mdlm._sample_t;function:mol_emb_mdlm._forward;function:mol_emb_mdlm.q_xt;function:mol_emb_mdlm.forward;function:mol_emb_mdlm.load_DIT;function:get_embedded_genome_IDs;function:get_original_strain_name_with_genome_embedding;function:load_all_genome_embeddings;function:load_text_wo_genome_embeddings;class:SMILESDataset_with_genome_and_text;function:SMILESDataset_with_genome_and_text.__init__;function:SMILESDataset_with_genome_and_text.tokenize_smiles;function:SMILESDataset_with_genome_and_text.remove_long_smiles;function:SMILESDataset_with_genome_and_text.__len__;function:SMILESDataset_with_genome_and_text.__getitem__;class:SMILESDataset_with_text_only;function:SMILESDataset_with_text_only.__init__;function:SMILESDataset_with_text_only.__getitem__;function:collate_fn;function:collate_fn_text_only;class:RegressionHead;function:RegressionHead.__init__;function:RegressionHead.forward;class:FirstTokenAttention_genome;function:FirstTokenAttention_genome.__init__;function:FirstTokenAttention_genome.forward;function:calculate_r2;function:exclude_wrong_species_ATCC_map;function:get_ATCC_ID_to_species_name_map;function:get_original_strain_ID_to_species_name_map;function:merge_dict,argparse;ast;collections;hydra;itertools;json;logging;models;noise_schedule;numpy;pandas;pathlib;peft;scipy.stats;selfies;sklearn.metrics;sklearn.model_selection;sklearn.preprocessing;torch;torch.nn;torch.nn.functional;torch.nn.utils.rnn;torch.optim;torch.utils.data;tqdm;transformers;wandb,models/__init__.py;noise_schedule.py,ApexOracle-Core;ApexOracle-Evo2,6,False,0,0,none_identified,migrate_if_release_relevant_else_snapshot_only,examples/experimental 或明确取消发布,作者确认发布角色、formal checkpoint consumer 和与 Generation 的接口后才可移除。,verified_family_role_author_decision_pending
synergy_Evo_train_new_reg_MDLM_one_base_model_all_data_classification_clean.py,py,apexoracle_legacy_added,a4952fee926c7075b6e12c59fe97b2b16cc42f906268922277d1942aff1de70d,111531,1895,synergy_guidance,Evo-conditioned synergy guidance/all-data experimental trainer；不等于 Core 的论文 CV runner。,True,class:mol_emb_mdlm;function:mol_emb_mdlm.__init__;function:mol_emb_mdlm._process_sigma;function:mol_emb_mdlm._sample_t;function:mol_emb_mdlm._forward;function:mol_emb_mdlm.q_xt;function:mol_emb_mdlm.forward;function:mol_emb_mdlm.load_DIT;function:get_embedded_genome_IDs;function:get_original_strain_name_with_genome_embedding;function:load_all_genome_embeddings;function:load_text_wo_genome_embeddings;class:SMILESDataset_with_genome_and_text;function:SMILESDataset_with_genome_and_text.__init__;function:SMILESDataset_with_genome_and_text.tokenize_smiles;function:SMILESDataset_with_genome_and_text.remove_long_smiles;function:SMILESDataset_with_genome_and_text.__len__;function:SMILESDataset_with_genome_and_text.__getitem__;class:SMILESDataset_with_text_only;function:SMILESDataset_with_text_only.__init__;function:SMILESDataset_with_text_only.__getitem__;function:collate_fn;function:collate_fn_text_only;class:RegressionHead;function:RegressionHead.__init__;function:RegressionHead.forward;class:FirstTokenAttention_genome;function:FirstTokenAttention_genome.__init__;function:FirstTokenAttention_genome.forward;function:calculate_r2;function:exclude_wrong_species_ATCC_map;function:get_ATCC_ID_to_species_name_map;function:get_original_strain_ID_to_species_name_map;function:merge_dict,argparse;ast;collections;hydra;itertools;json;logging;models;noise_schedule;numpy;pandas;pathlib;peft;scipy.stats;selfies;sklearn.metrics;sklearn.model_selection;sklearn.preprocessing;torch;torch.nn;torch.nn.functional;torch.nn.utils.rnn;torch.optim;torch.utils.data;tqdm;transformers;wandb,models/__init__.py;noise_schedule.py,ApexOracle-Core;ApexOracle-Evo2,7,False,0,0,none_identified,migrate_if_release_relevant_else_snapshot_only,examples/experimental 或明确取消发布,作者确认发布角色、formal checkpoint consumer 和与 Generation 的接口后才可移除。,verified_family_role_author_decision_pending
synergy_Evo_train_new_reg_MDLM_one_base_model_all_data_classification_noise.py,py,apexoracle_legacy_added,d05ec3a20c4accbb4fa5144c6721e42b1f2be754275f5c4d9abe72b9abf3b4d5,107048,1836,synergy_guidance,Evo-conditioned synergy guidance/all-data experimental trainer；不等于 Core 的论文 CV runner。,True,class:mol_emb_mdlm;function:mol_emb_mdlm.__init__;function:mol_emb_mdlm._process_sigma;function:mol_emb_mdlm._sample_t;function:mol_emb_mdlm._forward;function:mol_emb_mdlm.q_xt;function:mol_emb_mdlm.forward;function:mol_emb_mdlm.load_DIT;function:get_embedded_genome_IDs;function:get_original_strain_name_with_genome_embedding;function:load_all_genome_embeddings;function:load_text_wo_genome_embeddings;class:SMILESDataset_with_genome_and_text;function:SMILESDataset_with_genome_and_text.__init__;function:SMILESDataset_with_genome_and_text.tokenize_smiles;function:SMILESDataset_with_genome_and_text.remove_long_smiles;function:SMILESDataset_with_genome_and_text.__len__;function:SMILESDataset_with_genome_and_text.__getitem__;class:SMILESDataset_with_text_only;function:SMILESDataset_with_text_only.__init__;function:SMILESDataset_with_text_only.__getitem__;function:collate_fn;function:collate_fn_text_only;class:RegressionHead;function:RegressionHead.__init__;function:RegressionHead.forward;class:FirstTokenAttention_genome;function:FirstTokenAttention_genome.__init__;function:FirstTokenAttention_genome.forward;function:calculate_r2;function:exclude_wrong_species_ATCC_map;function:get_ATCC_ID_to_species_name_map;function:get_original_strain_ID_to_species_name_map;function:merge_dict,argparse;ast;collections;hydra;itertools;json;logging;models;noise_schedule;numpy;pandas;pathlib;peft;scipy.stats;selfies;sklearn.metrics;sklearn.model_selection;sklearn.preprocessing;torch;torch.nn;torch.nn.functional;torch.nn.utils.rnn;torch.optim;torch.utils.data;tqdm;transformers;wandb,models/__init__.py;noise_schedule.py,ApexOracle-Core;ApexOracle-Evo2,6,False,0,0,none_identified,migrate_if_release_relevant_else_snapshot_only,examples/experimental 或明确取消发布,作者确认发布角色、formal checkpoint consumer 和与 Generation 的接口后才可移除。,verified_family_role_author_decision_pending
temp_milk_embedding.py,py,apexoracle_legacy_added,1c1417d4e5e17f6bf4de09be344b2603e6b773f2e3d1d3c648094f3e20e20fff,11904,297,debug_case_study,debug、临时分析、milk/camel/case-study 或一次性统计/绘图代码。,True,class:mol_emb_mdlm;function:mol_emb_mdlm.__init__;function:mol_emb_mdlm._process_sigma;function:mol_emb_mdlm._sample_t;function:mol_emb_mdlm._forward;function:mol_emb_mdlm.q_xt;function:mol_emb_mdlm.forward;function:mol_emb_mdlm.load_DIT,Bio;argparse;ast;collections;hydra;itertools;json;logging;models;noise_schedule;numpy;pandas;pathlib;rdkit;scipy.stats;selfies;sklearn.cluster;sklearn.metrics;sklearn.model_selection;torch;torch.nn;torch.nn.functional;torch.nn.utils.rnn;torch.optim;torch.utils.data;tqdm;transformers;triton.language,models/__init__.py;noise_schedule.py,ApexOracle-Core,2,False,0,0,none_identified,migrate_unique_behavior_else_snapshot_only,必要内容迁入 examples/reproduce；其余由 legacy tag 恢复,先核对论文图表、reviewer 产物、外部调用和独有算法；只有四项均为否或已有 replacement 才可移除。,static_classification_manual_review_pending
temp_save_milk_embedding.py,py,apexoracle_legacy_added,1c1417d4e5e17f6bf4de09be344b2603e6b773f2e3d1d3c648094f3e20e20fff,11904,297,debug_case_study,debug、临时分析、milk/camel/case-study 或一次性统计/绘图代码。,True,class:mol_emb_mdlm;function:mol_emb_mdlm.__init__;function:mol_emb_mdlm._process_sigma;function:mol_emb_mdlm._sample_t;function:mol_emb_mdlm._forward;function:mol_emb_mdlm.q_xt;function:mol_emb_mdlm.forward;function:mol_emb_mdlm.load_DIT,Bio;argparse;ast;collections;hydra;itertools;json;logging;models;noise_schedule;numpy;pandas;pathlib;rdkit;scipy.stats;selfies;sklearn.cluster;sklearn.metrics;sklearn.model_selection;torch;torch.nn;torch.nn.functional;torch.nn.utils.rnn;torch.optim;torch.utils.data;tqdm;transformers;triton.language,models/__init__.py;noise_schedule.py,ApexOracle-Core,2,False,0,0,none_identified,migrate_unique_behavior_else_snapshot_only,必要内容迁入 examples/reproduce；其余由 legacy tag 恢复,先核对论文图表、reviewer 产物、外部调用和独有算法；只有四项均为否或已有 replacement 才可移除。,static_classification_manual_review_pending
temp_stf_polymer.py,py,apexoracle_legacy_added,9d75c26db35b5475e87751c2714a4ec4bec90bfe0e9bc885ea01449d0dfbdd3a,11581,288,debug_case_study,debug、临时分析、milk/camel/case-study 或一次性统计/绘图代码。,True,class:mol_emb_mdlm;function:mol_emb_mdlm.__init__;function:mol_emb_mdlm._process_sigma;function:mol_emb_mdlm._sample_t;function:mol_emb_mdlm._forward;function:mol_emb_mdlm.q_xt;function:mol_emb_mdlm.forward;function:mol_emb_mdlm.load_DIT,Bio;argparse;ast;collections;hydra;itertools;json;logging;models;noise_schedule;numpy;pandas;pathlib;scipy.stats;selfies;sklearn.cluster;sklearn.metrics;sklearn.model_selection;torch;torch.nn;torch.nn.functional;torch.nn.utils.rnn;torch.optim;torch.utils.data;tqdm;transformers;triton.language,models/__init__.py;noise_schedule.py,ApexOracle-Core,2,False,0,0,none_identified,migrate_unique_behavior_else_snapshot_only,必要内容迁入 examples/reproduce；其余由 legacy tag 恢复,先核对论文图表、reviewer 产物、外部调用和独有算法；只有四项均为否或已有 replacement 才可移除。,static_classification_manual_review_pending
tests/test_candidate_mic_scoring.py,py,post_snapshot_canonical,37f8a0e4ba4bd6619bdd670b882b91cd7b3c3771e4cfe010a35fef4ec1459caf,5838,177,canonical_refactor,2026-08-09 snapshot 后新增的 canonical package、test、audit 或 machine-readable contract。,True,class:ToyEncoder;function:ToyEncoder.__init__;function:ToyEncoder.forward;class:FakeTokenizer;function:FakeTokenizer.__call__;class:LogitOnlyModel;function:LogitOnlyModel.forward;class:ReusableEncodingModel;function:ReusableEncodingModel.__init__;function:ReusableEncodingModel.encode_molecules;function:ReusableEncodingModel.predict_from_cls_embedding;class:CandidateMICScoringTests;function:CandidateMICScoringTests.make_model;function:CandidateMICScoringTests.test_formal_field_loader_round_trips_small_checkpoint;function:CandidateMICScoringTests.test_missing_condition_has_precise_error;function:CandidateMICScoringTests.test_selfies_normalization_and_logit_inverse;function:CandidateMICScoringTests.test_score_selfies_preserves_one_molecule_batches;function:CandidateMICScoringTests.test_read_selfies_file_preserves_rows;function:CandidateMICScoringTests.test_multi_strain_batches_reuse_each_molecule_encoding;function:CandidateMICScoringTests.test_multi_strain_scoring_rejects_ambiguous_protocol,apexoracle_mdlm.scoring;pathlib;tempfile;torch;unittest,,,0,False,0,0,none_identified,retain_canonical,self,非 legacy 删除对象；只能由正常 API deprecation/replacement 流程变更。,verified_by_git_snapshot_boundary
tests/test_checkpoint_io.py,py,post_snapshot_canonical,a9bc60952a00d1afe3481b27bd69f91188dc9ad02ae0422d2df5cb2d8e457493,2439,76,canonical_refactor,2026-08-09 snapshot 后新增的 canonical package、test、audit 或 machine-readable contract。,True,class:CheckpointIOTests;function:CheckpointIOTests.test_strip_state_dict_prefix_matches_legacy_behavior_without_mutation;function:CheckpointIOTests.test_strip_state_dict_prefix_rejects_collisions;function:CheckpointIOTests.test_extract_state_dict_reports_schema_errors;function:CheckpointIOTests.test_load_torch_file_round_trip,apexoracle_mdlm.checkpoints;collections;pathlib;tempfile;torch;unittest,,,0,False,0,0,none_identified,retain_canonical,self,非 legacy 删除对象；只能由正常 API deprecation/replacement 流程变更。,verified_by_git_snapshot_boundary
tests/test_checkpoint_schemas.py,py,post_snapshot_canonical,f6a997da94c8d584792ca4e7ef0d2605e686efdd458dde823f331cc97a4e97a5,3429,86,canonical_refactor,2026-08-09 snapshot 后新增的 canonical package、test、audit 或 machine-readable contract。,True,function:meta_state;class:CheckpointSchemaTests;function:CheckpointSchemaTests.test_generation_dlm_accepts_frozen_prefix_contract;function:CheckpointSchemaTests.test_generation_dlm_rejects_wrong_prefix;function:CheckpointSchemaTests.test_mic_guidance_accepts_formal_generation_profile;function:CheckpointSchemaTests.test_mic_guidance_rejects_head_shape_drift;function:CheckpointSchemaTests.test_peptide_classifier_accepts_double_backbone_prefix;function:CheckpointSchemaTests.test_peptide_classifier_rejects_missing_head_key,apexoracle_mdlm.checkpoints;apexoracle_mdlm.checkpoints.schemas;torch;unittest,src/apexoracle_mdlm/checkpoints/schemas.py,,0,False,0,0,none_identified,retain_canonical,self,非 legacy 删除对象；只能由正常 API deprecation/replacement 流程变更。,verified_by_git_snapshot_boundary
tests/test_code_lineage_ledger.py,py,post_snapshot_canonical,d0b9f755d2eebe8c3195c58726f5e8b91c072155fdcb91ea4ab03ce773647439,8239,209,canonical_refactor,2026-08-09 snapshot 后新增的 canonical package、test、audit 或 machine-readable contract。,True,class:CodeLineageLedgerTests;function:CodeLineageLedgerTests.setUpClass;function:CodeLineageLedgerTests.test_ledger_covers_every_tracked_code_and_config_asset;function:CodeLineageLedgerTests.test_every_row_has_removal_decision_fields;function:CodeLineageLedgerTests.test_upstream_and_canonical_assets_are_not_legacy_deletion_candidates;function:CodeLineageLedgerTests.test_figure_3a_legacy_path_is_only_a_compatibility_bridge;function:CodeLineageLedgerTests.test_peptide_table_legacy_driver_is_replaced_and_recoverable;function:CodeLineageLedgerTests.test_small_molecule_screen_driver_is_replaced_and_recoverable;function:CodeLineageLedgerTests.test_peptide_candidate_driver_is_replaced_and_recoverable;function:CodeLineageLedgerTests.test_major_copied_definition_group_is_preserved;function:CodeLineageLedgerTests.test_fig3a_exact_plotted_rows_match_manifest,collections;csv;hashlib;json;pathlib;subprocess;unittest,,,0,False,0,0,none_identified,retain_canonical,self,非 legacy 删除对象；只能由正常 API deprecation/replacement 流程变更。,verified_by_git_snapshot_boundary
tests/test_dlm_encoder.py,py,post_snapshot_canonical,a8722b65008ec319a44e232fbbfed023142d489905ad693976ceef0defa69006,5590,159,canonical_refactor,2026-08-09 snapshot 后新增的 canonical package、test、audit 或 machine-readable contract。,True,class:ToyVocabEmbedding;function:ToyVocabEmbedding.__init__;function:ToyVocabEmbedding.forward;class:ToySigmaMap;function:ToySigmaMap.__init__;function:ToySigmaMap.forward;class:ToyRotary;function:ToyRotary.forward;class:ToyBlock;function:ToyBlock.__init__;function:ToyBlock.forward;class:ToyBackbone;function:ToyBackbone.__init__;class:ZeroNoise;function:ZeroNoise.forward;class:LegacyReferenceEncoder;function:LegacyReferenceEncoder.__init__;function:LegacyReferenceEncoder._process_sigma;function:LegacyReferenceEncoder.forward;class:DLMHiddenStateEncoderTests;function:DLMHiddenStateEncoderTests.test_clean_hidden_states_and_state_dict_match_legacy;function:DLMHiddenStateEncoderTests.test_time_conditioning_false_forces_zero_sigma;function:DLMHiddenStateEncoderTests.test_runtime_root_must_contain_attributed_upstream_files;function:DLMHiddenStateEncoderTests.test_runtime_root_rejects_conflicting_top_level_modules,apexoracle_mdlm.models;pathlib;sys;tempfile;torch;torch.nn;types;unittest,,,0,False,0,0,none_identified,retain_canonical,self,非 legacy 删除对象；只能由正常 API deprecation/replacement 流程变更。,verified_by_git_snapshot_boundary
tests/test_embedding_io.py,py,post_snapshot_canonical,2564b4731d5ac8b0cfe000e411b4c6adaa6d581ef3300fd06337b3b683ff1b6a,3051,78,canonical_refactor,2026-08-09 snapshot 后新增的 canonical package、test、audit 或 machine-readable contract。,True,class:EmbeddingIOTests;function:EmbeddingIOTests.test_embedding_key_from_atcc_filename_preserves_legacy_keys;function:EmbeddingIOTests.test_embedding_key_from_atcc_filename_rejects_malformed_atcc_name;function:EmbeddingIOTests.test_embedding_key_from_text_filename_restores_escaped_characters;function:EmbeddingIOTests.test_load_atcc_embeddings_preserves_shape_dtype_and_scale;function:EmbeddingIOTests.test_load_text_embeddings_preserves_legacy_name_mapping;function:EmbeddingIOTests.test_loader_rejects_duplicate_normalized_keys;function:EmbeddingIOTests.test_loader_requires_directory,apexoracle_mdlm.embeddings;pathlib;tempfile;torch;unittest,,,0,False,0,0,none_identified,retain_canonical,self,非 legacy 删除对象；只能由正常 API deprecation/replacement 流程变更。,verified_by_git_snapshot_boundary
tests/test_generated_files.py,py,post_snapshot_canonical,da2a526fd9e21c38670601391e2f52cc8c5dbaf3f81456e0068b99c75ad0084d,3033,92,canonical_refactor,2026-08-09 snapshot 后新增的 canonical package、test、audit 或 machine-readable contract。,True,class:GeneratedFileContractTests;function:GeneratedFileContractTests.test_parse_current_generation_writer_filename;function:GeneratedFileContractTests.test_parse_supports_numeric_and_custom_strain_keys;function:GeneratedFileContractTests.test_format_round_trip;function:GeneratedFileContractTests.test_rejects_legacy_variants_missing_required_fields;function:GeneratedFileContractTests.test_find_ignores_noncanonical_historical_files;function:GeneratedFileContractTests.test_find_returns_none_for_missing_identity;function:GeneratedFileContractTests.test_find_rejects_ambiguous_inputs_by_default,apexoracle_mdlm.scoring;pathlib;unittest,,,0,False,0,0,none_identified,retain_canonical,self,非 legacy 删除对象；只能由正常 API deprecation/replacement 流程变更。,verified_by_git_snapshot_boundary
tests/test_generated_mic_figure.py,py,post_snapshot_canonical,4314f09cd34f5929e64438a70f047b12d873658af8caca0295aaccb8193adea6,2912,81,canonical_refactor,2026-08-09 snapshot 后新增的 canonical package、test、audit 或 machine-readable contract。,True,class:GeneratedMICFigureTests;function:GeneratedMICFigureTests.setUpClass;function:GeneratedMICFigureTests.test_frozen_rows_and_statistics_match_legacy_panel;function:GeneratedMICFigureTests.test_plot_contains_frozen_labels_and_writes_pdf;function:GeneratedMICFigureTests.test_generic_mic_distribution_filters_invalid_values,apexoracle_mdlm.figures;matplotlib;pathlib;tempfile;unittest,,,0,True,0,0,not_yet_linked_to_formal_paper,retain_canonical,self,非 legacy 删除对象；只能由正常 API deprecation/replacement 流程变更。,verified_by_git_snapshot_boundary
tests/test_model_heads.py,py,post_snapshot_canonical,af7f7c374d3ef8461d07c2fe52f215dc46911edcaf910ac9e60efb86197b3a39,3609,90,canonical_refactor,2026-08-09 snapshot 后新增的 canonical package、test、audit 或 machine-readable contract。,True,class:ModelHeadTests;function:ModelHeadTests.setUpClass;function:ModelHeadTests.test_regression_head_state_dict_and_forward_match_legacy;function:ModelHeadTests.test_attention_state_dict_and_weight_return_match_legacy;function:ModelHeadTests.test_attention_tensor_only_contract_uses_same_values;function:ModelHeadTests.test_stable_batch_dimension_is_opt_in_until_callers_are_migrated,apexoracle_mdlm.models;guaidance_regressor_all_data;torch;unittest,guaidance_regressor_all_data.py,,0,False,0,0,none_identified,retain_canonical,self,非 legacy 删除对象；只能由正常 API deprecation/replacement 流程变更。,verified_by_git_snapshot_boundary
tests/test_peptide_candidates.py,py,post_snapshot_canonical,fa6a4fa2b5ed8dc92fb73299b62c3ef70ab3ba7ddfecbc39a15438b34e35a656,3290,85,canonical_refactor,2026-08-09 snapshot 后新增的 canonical package、test、audit 或 machine-readable contract。,True,class:PeptideCandidateTests;function:PeptideCandidateTests.test_parser_recovers_linear_sequence_from_smiles_and_selfies;function:PeptideCandidateTests.test_qualification_preserves_failed_row_alignment;function:PeptideCandidateTests.test_qualification_preserves_failed_row_alignment.decode;function:PeptideCandidateTests.test_qualification_preserves_failed_row_alignment.parse;function:PeptideCandidateTests.test_qualification_validates_counts_and_threshold;function:PeptideCandidateTests.test_annotated_renderer_returns_requested_image,apexoracle_mdlm.chemistry;apexoracle_mdlm.figures;apexoracle_mdlm.scoring;rdkit;selfies;smiles_to_peptide;unittest,smiles_to_peptide.py,,0,False,0,0,none_identified,retain_canonical,self,非 legacy 删除对象；只能由正常 API deprecation/replacement 流程变更。,verified_by_git_snapshot_boundary
tests/test_peptide_table.py,py,post_snapshot_canonical,9958bac9c18aa84e775227da7c282a2edbbfacab9aa0f6b379762eb350073f60,4009,116,canonical_refactor,2026-08-09 snapshot 后新增的 canonical package、test、audit 或 machine-readable contract。,True,class:FakeTokenizer;function:FakeTokenizer.__call__;class:FakeMICModel;function:FakeMICModel.encode_molecules;function:FakeMICModel.predict_from_cls_embedding;class:PeptideTableTests;function:PeptideTableTests.test_load_convert_and_preserve_invalid_rows;function:PeptideTableTests.test_prediction_columns_align_to_valid_source_rows;function:PeptideTableTests.test_missing_columns_and_negative_limit_are_rejected,apexoracle_mdlm.scoring;pandas;pathlib;tempfile;torch;unittest,,,0,False,0,0,none_identified,retain_canonical,self,非 legacy 删除对象；只能由正常 API deprecation/replacement 流程变更。,verified_by_git_snapshot_boundary
tests/test_small_molecule_screen.py,py,post_snapshot_canonical,c98c8913d8a07a6311c581422eae71e2579df34b90adb2531312a195f433a415,3864,110,canonical_refactor,2026-08-09 snapshot 后新增的 canonical package、test、audit 或 machine-readable contract。,True,class:VariableTokenizer;function:VariableTokenizer.__call__;class:RecordingModel;function:RecordingModel.__init__;function:RecordingModel.forward;class:SmallMoleculeScreenTests;function:SmallMoleculeScreenTests.test_parse_and_validate_repeatable_inputs;function:SmallMoleculeScreenTests.test_last_occurrence_matches_legacy_dict_assignment;function:SmallMoleculeScreenTests.test_scoring_keeps_raw_rows_and_one_molecule_batches;function:SmallMoleculeScreenTests.test_wide_rows_are_sorted_by_selfies_and_keep_missing_cells,apexoracle_mdlm.scoring;pathlib;tempfile;torch;unittest,,,0,False,0,0,none_identified,retain_canonical,self,非 legacy 删除对象；只能由正常 API deprecation/replacement 流程变更。,verified_by_git_snapshot_boundary
utils.py,py,upstream_unmodified,bd514e4e46f89e0815d351bcc5bf4ed753166d6da991b2413974ec7a35c2fd21,6639,230,upstream_runtime,上游 MDLM runtime、model、training/evaluation config 或 shell entrypoint。,False,function:fsspec_exists;function:fsspec_listdir;function:fsspec_mkdirs;function:print_nans;class:CosineDecayWarmupLRScheduler;function:CosineDecayWarmupLRScheduler.__init__;function:CosineDecayWarmupLRScheduler.step;class:LoggingContext;function:LoggingContext.__init__;function:LoggingContext.__enter__;function:LoggingContext.__exit__;function:get_logger;class:Sampler;function:Sampler.__init__;function:Sampler._sampling_noise;function:Sampler._hard_sample;function:Sampler._soft_sample;function:Sampler.sample;class:TopKSampler;function:TopKSampler.__init__;function:TopKSampler._sampling_noise;function:TopKSampler._hard_sample;function:TopKSampler._soft_sample;class:DeterministicTopK;function:DeterministicTopK.__init__;function:DeterministicTopK._sampling_noise;function:DeterministicTopK.discreize;class:GumbelSampler;function:GumbelSampler.__init__;function:GumbelSampler._sampling_noise;function:GumbelSampler._hard_sample;function:GumbelSampler._soft_sample;class:BinarySampler;function:BinarySampler.sample;class:GaussianSampler;function:GaussianSampler.__init__;function:GaussianSampler.sample,fsspec;lightning;logging;math;timm.scheduler;torch,,,0,False,0,0,none_identified,retain_upstream_until_adapter_parity,src/apexoracle_mdlm/models 下的 downstream inference adapter（M2 待完成）,不得作为本地杂乱代码删除；先保留 upstream attribution，并完成正式 checkpoint runtime parity。,verified_by_git_baseline
visualize_attn.py,py,apexoracle_legacy_added,6365ab61b66f2805313e02e3b14bdfd2ad8173a6a9b083ef0fc3da1e9aff66af,20880,467,interpretability,attention extraction/visualization 或 interpretability notebook。,True,class:mol_emb_mdlm;function:mol_emb_mdlm.__init__;function:mol_emb_mdlm._process_sigma;function:mol_emb_mdlm._sample_t;function:mol_emb_mdlm._forward;function:mol_emb_mdlm.forward;function:mol_emb_mdlm.load_DIT;class:mol_emb_mdlm_no_weights;function:mol_emb_mdlm_no_weights.__init__;function:mol_emb_mdlm_no_weights.load_DIT;class:MIC_regressor;function:MIC_regressor.__init__;function:MIC_regressor.load_genome_test_embedding;function:MIC_regressor.load_pretrained_weight;function:MIC_regressor.forward;function:get_mic;function:score_to_hex,Bio;IPython.core.display;argparse;ast;collections;guaidance_regressor_all_data;hydra;itertools;json;logging;matplotlib;matplotlib.collections;matplotlib.colors;matplotlib.pyplot;matplotlib.ticker;models;noise_schedule;numpy;pandas;pathlib;scipy.stats;seaborn;selfies;sklearn.cluster;sklearn.metrics;sklearn.model_selection;torch;torch.nn;torch.nn.functional;torch.nn.utils.rnn;torch.optim;torch.utils.data;tqdm;transformers;triton.language,guaidance_regressor_all_data.py;models/__init__.py;noise_schedule.py,ApexOracle-Core;ApexOracle-Generation,7,True,0,0,not_yet_linked_to_formal_paper,migrate_unique_behavior_then_remove_original,可复现 interpretability example/figure capsule 或 snapshot-only,逐图核对论文/补充材料 consumer，导出 exact plotted data，并由作者确认保留角色后才可移除。,verified_plotting_role_exact_consumers_pending
visualize_attn_interpret.py,py,apexoracle_legacy_added,6365ab61b66f2805313e02e3b14bdfd2ad8173a6a9b083ef0fc3da1e9aff66af,20880,467,interpretability,attention extraction/visualization 或 interpretability notebook。,True,class:mol_emb_mdlm;function:mol_emb_mdlm.__init__;function:mol_emb_mdlm._process_sigma;function:mol_emb_mdlm._sample_t;function:mol_emb_mdlm._forward;function:mol_emb_mdlm.forward;function:mol_emb_mdlm.load_DIT;class:mol_emb_mdlm_no_weights;function:mol_emb_mdlm_no_weights.__init__;function:mol_emb_mdlm_no_weights.load_DIT;class:MIC_regressor;function:MIC_regressor.__init__;function:MIC_regressor.load_genome_test_embedding;function:MIC_regressor.load_pretrained_weight;function:MIC_regressor.forward;function:get_mic;function:score_to_hex,Bio;IPython.core.display;argparse;ast;collections;guaidance_regressor_all_data;hydra;itertools;json;logging;matplotlib;matplotlib.collections;matplotlib.colors;matplotlib.pyplot;matplotlib.ticker;models;noise_schedule;numpy;pandas;pathlib;scipy.stats;seaborn;selfies;sklearn.cluster;sklearn.metrics;sklearn.model_selection;torch;torch.nn;torch.nn.functional;torch.nn.utils.rnn;torch.optim;torch.utils.data;tqdm;transformers;triton.language,guaidance_regressor_all_data.py;models/__init__.py;noise_schedule.py,ApexOracle-Core;ApexOracle-Generation,7,True,0,0,not_yet_linked_to_formal_paper,migrate_unique_behavior_then_remove_original,可复现 interpretability example/figure capsule 或 snapshot-only,逐图核对论文/补充材料 consumer，导出 exact plotted data，并由作者确认保留角色后才可移除。,verified_plotting_role_exact_consumers_pending
